candidate,spring_count,quick_feasible,minimum_spring_spacing_m,authority_score,residual_mean_n,residual_max_n,path
0,24,True,0.11998804658651352,22.45083236694336,0.478379487991333,5.550036907196045,C:\Users\kn109\Code\Adaptive-Spring-Network\spring-network\topologies\spatial\global_search\candidate_0000_24s.json
1,24,True,0.12017286568880081,23.3436336517334,0.05100632831454277,0.10898857563734055,C:\Users\kn109\Code\Adaptive-Spring-Network\spring-network\topologies\spatial\global_search\candidate_0001_24s.json
2,24,True,0.12477801740169525,18.995389938354492,0.049405839294195175,0.09352322667837143,C:\Users\kn109\Code\Adaptive-Spring-Network\spring-network\topologies\spatial\global_search\candidate_0002_24s.json
3,24,True,0.11401992291212082,20.635488510131836,0.044296517968177795,0.08242931962013245,C:\Users\kn109\Code\Adaptive-Spring-Network\spring-network\topologies\spatial\global_search\candidate_0003_24s.json
4,24,True,0.1258230358362198,19.75796890258789,0.04617588222026825,0.10341981798410416,C:\Users\kn109\Code\Adaptive-Spring-Network\spring-network\topologies\spatial\global_search\candidate_0004_24s.json
5,24,True,0.13264420628547668,19.893447875976562,0.07176783680915833,0.3004622161388397,C:\Users\kn109\Code\Adaptive-Spring-Network\spring-network\topologies\spatial\global_search\candidate_0005_24s.json
6,24,True,0.12618772685527802,22.881038665771484,4.633157253265381,59.7512321472168,C:\Users\kn109\Code\Adaptive-Spring-Network\spring-network\topologies\spatial\global_search\candidate_0006_24s.json
7,24,True,0.1275409460067749,23.225597381591797,0.042123667895793915,0.0877523124217987,C:\Users\kn109\Code\Adaptive-Spring-Network\spring-network\topologies\spatial\global_search\candidate_0007_24s.json
8,24,True,0.12194051593542099,23.836088180541992,0.05231141299009323,0.16550202667713165,C:\Users\kn109\Code\Adaptive-Spring-Network\spring-network\topologies\spatial\global_search\candidate_0008_24s.json
9,24,True,0.12350283563137054,22.561708450317383,0.05082009732723236,0.09643332660198212,C:\Users\kn109\Code\Adaptive-Spring-Network\spring-network\topologies\spatial\global_search\candidate_0009_24s.json
10,24,True,0.12195462733507156,19.76811408996582,0.04791746288537979,0.14072507619857788,C:\Users\kn109\Code\Adaptive-Spring-Network\spring-network\topologies\spatial\global_search\candidate_0010_24s.json
11,24,True,0.11476680636405945,21.97989845275879,0.043018095195293427,0.07055361568927765,C:\Users\kn109\Code\Adaptive-Spring-Network\spring-network\topologies\spatial\global_search\candidate_0011_24s.json
12,24,True,0.13308125734329224,22.07284927368164,0.04703802615404129,0.08909957855939865,C:\Users\kn109\Code\Adaptive-Spring-Network\spring-network\topologies\spatial\global_search\candidate_0012_24s.json
13,24,True,0.11590447276830673,19.19260025024414,0.049325376749038696,0.1166703850030899,C:\Users\kn109\Code\Adaptive-Spring-Network\spring-network\topologies\spatial\global_search\candidate_0013_24s.json
14,24,True,0.11535101383924484,18.76319122314453,0.05069500580430031,0.0979844182729721,C:\Users\kn109\Code\Adaptive-Spring-Network\spring-network\topologies\spatial\global_search\candidate_0014_24s.json
15,24,True,0.11932212114334106,20.2463436126709,0.04534797742962837,0.07112381607294083,C:\Users\kn109\Code\Adaptive-Spring-Network\spring-network\topologies\spatial\global_search\candidate_0015_24s.json
16,24,True,0.12756749987602234,22.57476806640625,0.0550554133951664,0.14808893203735352,C:\Users\kn109\Code\Adaptive-Spring-Network\spring-network\topologies\spatial\global_search\candidate_0016_24s.json
17,24,True,0.12081524729728699,20.125905990600586,0.05393305793404579,0.10923309624195099,C:\Users\kn109\Code\Adaptive-Spring-Network\spring-network\topologies\spatial\global_search\candidate_0017_24s.json
18,24,True,0.1244892105460167,22.307403564453125,0.05481657385826111,0.17343224585056305,C:\Users\kn109\Code\Adaptive-Spring-Network\spring-network\topologies\spatial\global_search\candidate_0018_24s.json
19,24,True,0.12016826122999191,20.94355010986328,0.04824512451887131,0.10818183422088623,C:\Users\kn109\Code\Adaptive-Spring-Network\spring-network\topologies\spatial\global_search\candidate_0019_24s.json
20,24,True,0.11947982013225555,19.444307327270508,0.05406353250145912,0.12366456538438797,C:\Users\kn109\Code\Adaptive-Spring-Network\spring-network\topologies\spatial\global_search\candidate_0020_24s.json
21,24,True,0.12437880784273148,19.086580276489258,0.06190028786659241,0.13559013605117798,C:\Users\kn109\Code\Adaptive-Spring-Network\spring-network\topologies\spatial\global_search\candidate_0021_24s.json
22,24,False,0.11478845775127411,,,,C:\Users\kn109\Code\Adaptive-Spring-Network\spring-network\topologies\spatial\global_search\candidate_0022_24s.json
23,24,True,0.13072505593299866,22.883991241455078,0.04828915372490883,0.10188350826501846,C:\Users\kn109\Code\Adaptive-Spring-Network\spring-network\topologies\spatial\global_search\candidate_0023_24s.json
24,24,True,0.12725573778152466,19.972904205322266,0.05055980756878853,0.11446945369243622,C:\Users\kn109\Code\Adaptive-Spring-Network\spring-network\topologies\spatial\global_search\candidate_0024_24s.json
25,24,True,0.12456054985523224,20.430078506469727,0.04943901300430298,0.09104818850755692,C:\Users\kn109\Code\Adaptive-Spring-Network\spring-network\topologies\spatial\global_search\candidate_0025_24s.json
26,24,True,0.1123289167881012,18.900283813476562,0.0570228211581707,0.12287295609712601,C:\Users\kn109\Code\Adaptive-Spring-Network\spring-network\topologies\spatial\global_search\candidate_0026_24s.json
27,24,True,0.12281576544046402,24.800128936767578,4.332736968994141,55.8055305480957,C:\Users\kn109\Code\Adaptive-Spring-Network\spring-network\topologies\spatial\global_search\candidate_0027_24s.json
28,24,True,0.11891891807317734,21.408777236938477,5.253525733947754,67.5330810546875,C:\Users\kn109\Code\Adaptive-Spring-Network\spring-network\topologies\spatial\global_search\candidate_0028_24s.json
29,24,True,0.12401627749204636,19.538347244262695,0.14586719870567322,1.3394246101379395,C:\Users\kn109\Code\Adaptive-Spring-Network\spring-network\topologies\spatial\global_search\candidate_0029_24s.json
30,32,True,0.1006970927119255,28.853900909423828,0.0637856051325798,0.12683077156543732,C:\Users\kn109\Code\Adaptive-Spring-Network\spring-network\topologies\spatial\global_search\candidate_0030_32s.json
31,32,True,0.09530257433652878,31.042030334472656,9.596179008483887,71.26342010498047,C:\Users\kn109\Code\Adaptive-Spring-Network\spring-network\topologies\spatial\global_search\candidate_0031_32s.json
32,32,True,0.10402557253837585,26.714406967163086,7.387571334838867,58.68906021118164,C:\Users\kn109\Code\Adaptive-Spring-Network\spring-network\topologies\spatial\global_search\candidate_0032_32s.json
33,32,False,0.04457786679267883,,,,C:\Users\kn109\Code\Adaptive-Spring-Network\spring-network\topologies\spatial\global_search\candidate_0033_32s.json
34,32,True,0.09266462177038193,28.438108444213867,2.3635880947113037,30.06609535217285,C:\Users\kn109\Code\Adaptive-Spring-Network\spring-network\topologies\spatial\global_search\candidate_0034_32s.json
35,32,True,0.08257029205560684,31.550004959106445,0.05185927450656891,0.08767744153738022,C:\Users\kn109\Code\Adaptive-Spring-Network\spring-network\topologies\spatial\global_search\candidate_0035_32s.json
36,32,True,0.09177154302597046,26.85448455810547,0.2277558147907257,2.4503417015075684,C:\Users\kn109\Code\Adaptive-Spring-Network\spring-network\topologies\spatial\global_search\candidate_0036_32s.json
37,32,True,0.07574521005153656,27.701221466064453,0.10642512142658234,0.656940758228302,C:\Users\kn109\Code\Adaptive-Spring-Network\spring-network\topologies\spatial\global_search\candidate_0037_32s.json
38,32,True,0.0744558721780777,29.392196655273438,1.4142277240753174,17.736982345581055,C:\Users\kn109\Code\Adaptive-Spring-Network\spring-network\topologies\spatial\global_search\candidate_0038_32s.json
39,32,True,0.09647098183631897,30.49251937866211,0.06167823448777199,0.1035219356417656,C:\Users\kn109\Code\Adaptive-Spring-Network\spring-network\topologies\spatial\global_search\candidate_0039_32s.json
40,32,True,0.08717774599790573,27.55097007751465,0.5947279930114746,7.048517227172852,C:\Users\kn109\Code\Adaptive-Spring-Network\spring-network\topologies\spatial\global_search\candidate_0040_32s.json
41,32,True,0.08967059850692749,32.4189338684082,4.536315441131592,57.32539749145508,C:\Users\kn109\Code\Adaptive-Spring-Network\spring-network\topologies\spatial\global_search\candidate_0041_32s.json
42,32,True,0.10001468658447266,31.482269287109375,0.05618658661842346,0.09254754334688187,C:\Users\kn109\Code\Adaptive-Spring-Network\spring-network\topologies\spatial\global_search\candidate_0042_32s.json
43,32,True,0.09416287392377853,29.024465560913086,0.056195780634880066,0.10114450007677078,C:\Users\kn109\Code\Adaptive-Spring-Network\spring-network\topologies\spatial\global_search\candidate_0043_32s.json
44,32,True,0.11260013282299042,25.595500946044922,0.04574381560087204,0.06866548955440521,C:\Users\kn109\Code\Adaptive-Spring-Network\spring-network\topologies\spatial\global_search\candidate_0044_32s.json
45,32,True,0.06422905623912811,30.74713897705078,0.05304592475295067,0.10635972023010254,C:\Users\kn109\Code\Adaptive-Spring-Network\spring-network\topologies\spatial\global_search\candidate_0045_32s.json
46,32,False,0.025822537019848824,,,,C:\Users\kn109\Code\Adaptive-Spring-Network\spring-network\topologies\spatial\global_search\candidate_0046_32s.json
47,32,True,0.09586238861083984,28.822582244873047,0.06273307651281357,0.12635113298892975,C:\Users\kn109\Code\Adaptive-Spring-Network\spring-network\topologies\spatial\global_search\candidate_0047_32s.json
48,32,True,0.08402162045240402,25.2480411529541,2.2779548168182373,23.564212799072266,C:\Users\kn109\Code\Adaptive-Spring-Network\spring-network\topologies\spatial\global_search\candidate_0048_32s.json
49,32,True,0.08676406741142273,24.846454620361328,0.06631648540496826,0.12636058032512665,C:\Users\kn109\Code\Adaptive-Spring-Network\spring-network\topologies\spatial\global_search\candidate_0049_32s.json
50,32,True,0.09646812826395035,24.973735809326172,3.3317010402679443,42.73685836791992,C:\Users\kn109\Code\Adaptive-Spring-Network\spring-network\topologies\spatial\global_search\candidate_0050_32s.json
51,32,True,0.10005223006010056,30.490753173828125,9.836296081542969,43.71491241455078,C:\Users\kn109\Code\Adaptive-Spring-Network\spring-network\topologies\spatial\global_search\candidate_0051_32s.json
52,32,True,0.09060966223478317,27.875526428222656,0.06002046912908554,0.11110158264636993,C:\Users\kn109\Code\Adaptive-Spring-Network\spring-network\topologies\spatial\global_search\candidate_0052_32s.json
53,32,True,0.0972786694765091,29.02345848083496,0.19369839131832123,1.8821979761123657,C:\Users\kn109\Code\Adaptive-Spring-Network\spring-network\topologies\spatial\global_search\candidate_0053_32s.json
54,32,True,0.08198170363903046,29.394258499145508,0.05159476026892662,0.08918202668428421,C:\Users\kn109\Code\Adaptive-Spring-Network\spring-network\topologies\spatial\global_search\candidate_0054_32s.json
55,32,True,0.1012510284781456,29.061975479125977,3.8677594661712646,49.466796875,C:\Users\kn109\Code\Adaptive-Spring-Network\spring-network\topologies\spatial\global_search\candidate_0055_32s.json
56,32,True,0.11199142783880234,28.567922592163086,0.0558699332177639,0.13093900680541992,C:\Users\kn109\Code\Adaptive-Spring-Network\spring-network\topologies\spatial\global_search\candidate_0056_32s.json
57,32,True,0.09765312820672989,26.349584579467773,0.048755843192338943,0.09041739255189896,C:\Users\kn109\Code\Adaptive-Spring-Network\spring-network\topologies\spatial\global_search\candidate_0057_32s.json
58,32,True,0.09591878205537796,30.981653213500977,0.0652366429567337,0.10841414332389832,C:\Users\kn109\Code\Adaptive-Spring-Network\spring-network\topologies\spatial\global_search\candidate_0058_32s.json
59,32,True,0.057381149381399155,24.166776657104492,0.6191195249557495,7.399858474731445,C:\Users\kn109\Code\Adaptive-Spring-Network\spring-network\topologies\spatial\global_search\candidate_0059_32s.json
60,40,True,0.05219191685318947,37.28641128540039,0.06915315240621567,0.15516208112239838,C:\Users\kn109\Code\Adaptive-Spring-Network\spring-network\topologies\spatial\global_search\candidate_0060_40s.json
61,40,True,0.06512916833162308,35.99870300292969,0.6799620985984802,8.113110542297363,C:\Users\kn109\Code\Adaptive-Spring-Network\spring-network\topologies\spatial\global_search\candidate_0061_40s.json
62,40,True,0.07237681746482849,35.726463317871094,3.0805060863494873,39.23134231567383,C:\Users\kn109\Code\Adaptive-Spring-Network\spring-network\topologies\spatial\global_search\candidate_0062_40s.json
63,40,True,0.056394580751657486,38.268043518066406,6.864457130432129,77.8184814453125,C:\Users\kn109\Code\Adaptive-Spring-Network\spring-network\topologies\spatial\global_search\candidate_0063_40s.json
64,40,True,0.0854281559586525,37.243404388427734,0.05393350496888161,0.08425695449113846,C:\Users\kn109\Code\Adaptive-Spring-Network\spring-network\topologies\spatial\global_search\candidate_0064_40s.json
65,40,False,0.011495971120893955,,,,C:\Users\kn109\Code\Adaptive-Spring-Network\spring-network\topologies\spatial\global_search\candidate_0065_40s.json
66,40,True,0.07934288680553436,38.723121643066406,0.049715347588062286,0.08048109710216522,C:\Users\kn109\Code\Adaptive-Spring-Network\spring-network\topologies\spatial\global_search\candidate_0066_40s.json
67,40,False,0.04661741480231285,,,,C:\Users\kn109\Code\Adaptive-Spring-Network\spring-network\topologies\spatial\global_search\candidate_0067_40s.json
68,40,True,0.06271909177303314,38.77853012084961,0.07728429138660431,0.17263983190059662,C:\Users\kn109\Code\Adaptive-Spring-Network\spring-network\topologies\spatial\global_search\candidate_0068_40s.json
69,40,True,0.07083799690008163,35.90428924560547,5.50762939453125,70.92082977294922,C:\Users\kn109\Code\Adaptive-Spring-Network\spring-network\topologies\spatial\global_search\candidate_0069_40s.json
70,40,False,0.039863843470811844,,,,C:\Users\kn109\Code\Adaptive-Spring-Network\spring-network\topologies\spatial\global_search\candidate_0070_40s.json
71,40,True,0.07898111641407013,35.56302261352539,0.546450138092041,6.452358722686768,C:\Users\kn109\Code\Adaptive-Spring-Network\spring-network\topologies\spatial\global_search\candidate_0071_40s.json
72,40,True,0.07878211885690689,40.403709411621094,12.416105270385742,50.09754943847656,C:\Users\kn109\Code\Adaptive-Spring-Network\spring-network\topologies\spatial\global_search\candidate_0072_40s.json
73,40,True,0.05134807154536247,39.938846588134766,4.357194423675537,55.91518783569336,C:\Users\kn109\Code\Adaptive-Spring-Network\spring-network\topologies\spatial\global_search\candidate_0073_40s.json
74,40,True,0.0750981941819191,37.5679931640625,0.15599511563777924,1.4607656002044678,C:\Users\kn109\Code\Adaptive-Spring-Network\spring-network\topologies\spatial\global_search\candidate_0074_40s.json
75,40,True,0.0666477382183075,39.10660934448242,0.041691020131111145,0.07317245006561279,C:\Users\kn109\Code\Adaptive-Spring-Network\spring-network\topologies\spatial\global_search\candidate_0075_40s.json
76,40,False,0.034948207437992096,,,,C:\Users\kn109\Code\Adaptive-Spring-Network\spring-network\topologies\spatial\global_search\candidate_0076_40s.json
77,40,True,0.07516336441040039,37.63270568847656,3.7388315200805664,47.93372344970703,C:\Users\kn109\Code\Adaptive-Spring-Network\spring-network\topologies\spatial\global_search\candidate_0077_40s.json
78,40,True,0.07422036677598953,36.28702163696289,0.06019676849246025,0.09780627489089966,C:\Users\kn109\Code\Adaptive-Spring-Network\spring-network\topologies\spatial\global_search\candidate_0078_40s.json
79,40,True,0.06473325937986374,35.60715866088867,0.06952682137489319,0.19403089582920074,C:\Users\kn109\Code\Adaptive-Spring-Network\spring-network\topologies\spatial\global_search\candidate_0079_40s.json
80,40,True,0.07463546842336655,32.86600875854492,0.04920501261949539,0.07219904661178589,C:\Users\kn109\Code\Adaptive-Spring-Network\spring-network\topologies\spatial\global_search\candidate_0080_40s.json
81,40,False,0.03650328889489174,,,,C:\Users\kn109\Code\Adaptive-Spring-Network\spring-network\topologies\spatial\global_search\candidate_0081_40s.json
82,40,False,0.03078896552324295,,,,C:\Users\kn109\Code\Adaptive-Spring-Network\spring-network\topologies\spatial\global_search\candidate_0082_40s.json
83,40,False,0.0001358583103865385,,,,C:\Users\kn109\Code\Adaptive-Spring-Network\spring-network\topologies\spatial\global_search\candidate_0083_40s.json
84,40,True,0.05321022495627403,32.98246383666992,9.542593955993652,66.69374084472656,C:\Users\kn109\Code\Adaptive-Spring-Network\spring-network\topologies\spatial\global_search\candidate_0084_40s.json
85,40,True,0.06904637068510056,37.57313537597656,0.06270317733287811,0.12125933170318604,C:\Users\kn109\Code\Adaptive-Spring-Network\spring-network\topologies\spatial\global_search\candidate_0085_40s.json
86,40,True,0.0762929916381836,37.16590881347656,0.3617401123046875,4.173465251922607,C:\Users\kn109\Code\Adaptive-Spring-Network\spring-network\topologies\spatial\global_search\candidate_0086_40s.json
87,40,False,0.016479700803756714,,,,C:\Users\kn109\Code\Adaptive-Spring-Network\spring-network\topologies\spatial\global_search\candidate_0087_40s.json
88,40,True,0.05693376436829567,39.95934295654297,0.09922640770673752,0.7229712605476379,C:\Users\kn109\Code\Adaptive-Spring-Network\spring-network\topologies\spatial\global_search\candidate_0088_40s.json
89,40,True,0.07799356430768967,33.27804946899414,3.4332082271575928,43.89375686645508,C:\Users\kn109\Code\Adaptive-Spring-Network\spring-network\topologies\spatial\global_search\candidate_0089_40s.json
90,48,True,0.05257894843816757,48.77544403076172,9.173060417175293,72.23625946044922,C:\Users\kn109\Code\Adaptive-Spring-Network\spring-network\topologies\spatial\global_search\candidate_0090_48s.json
91,48,False,0.02838868647813797,,,,C:\Users\kn109\Code\Adaptive-Spring-Network\spring-network\topologies\spatial\global_search\candidate_0091_48s.json
92,48,True,0.05467171594500542,45.57089614868164,0.060291118919849396,0.15703698992729187,C:\Users\kn109\Code\Adaptive-Spring-Network\spring-network\topologies\spatial\global_search\candidate_0092_48s.json
93,48,True,0.058169927448034286,44.375694274902344,5.422728061676025,52.799373626708984,C:\Users\kn109\Code\Adaptive-Spring-Network\spring-network\topologies\spatial\global_search\candidate_0093_48s.json
94,48,True,0.06375791132450104,42.465049743652344,0.05893956124782562,0.11857898533344269,C:\Users\kn109\Code\Adaptive-Spring-Network\spring-network\topologies\spatial\global_search\candidate_0094_48s.json
95,48,True,0.0596887543797493,43.00457000732422,0.06646894663572311,0.15299876034259796,C:\Users\kn109\Code\Adaptive-Spring-Network\spring-network\topologies\spatial\global_search\candidate_0095_48s.json
96,48,False,0.03544464707374573,,,,C:\Users\kn109\Code\Adaptive-Spring-Network\spring-network\topologies\spatial\global_search\candidate_0096_48s.json
97,48,False,0.002469966420903802,,,,C:\Users\kn109\Code\Adaptive-Spring-Network\spring-network\topologies\spatial\global_search\candidate_0097_48s.json
98,48,False,0.026953397318720818,,,,C:\Users\kn109\Code\Adaptive-Spring-Network\spring-network\topologies\spatial\global_search\candidate_0098_48s.json
99,48,False,0.008213450200855732,,,,C:\Users\kn109\Code\Adaptive-Spring-Network\spring-network\topologies\spatial\global_search\candidate_0099_48s.json
100,48,False,0.0026055672205984592,,,,C:\Users\kn109\Code\Adaptive-Spring-Network\spring-network\topologies\spatial\global_search\candidate_0100_48s.json
101,48,False,0.004303877707570791,,,,C:\Users\kn109\Code\Adaptive-Spring-Network\spring-network\topologies\spatial\global_search\candidate_0101_48s.json
102,48,True,0.05201929435133934,39.9337272644043,0.06272079795598984,0.10148168355226517,C:\Users\kn109\Code\Adaptive-Spring-Network\spring-network\topologies\spatial\global_search\candidate_0102_48s.json
103,48,True,0.06406818330287933,42.804019927978516,0.04544428735971451,0.08258988708257675,C:\Users\kn109\Code\Adaptive-Spring-Network\spring-network\topologies\spatial\global_search\candidate_0103_48s.json
104,48,False,0.025661997497081757,,,,C:\Users\kn109\Code\Adaptive-Spring-Network\spring-network\topologies\spatial\global_search\candidate_0104_48s.json
105,48,False,0.033191289752721786,,,,C:\Users\kn109\Code\Adaptive-Spring-Network\spring-network\topologies\spatial\global_search\candidate_0105_48s.json
106,48,False,0.0014919015811756253,,,,C:\Users\kn109\Code\Adaptive-Spring-Network\spring-network\topologies\spatial\global_search\candidate_0106_48s.json
107,48,True,0.059296708554029465,45.730613708496094,6.694931983947754,60.11330795288086,C:\Users\kn109\Code\Adaptive-Spring-Network\spring-network\topologies\spatial\global_search\candidate_0107_48s.json
108,48,True,0.0734051987528801,48.2771110534668,0.07965514808893204,0.2843119502067566,C:\Users\kn109\Code\Adaptive-Spring-Network\spring-network\topologies\spatial\global_search\candidate_0108_48s.json
109,48,False,0.004017901141196489,,,,C:\Users\kn109\Code\Adaptive-Spring-Network\spring-network\topologies\spatial\global_search\candidate_0109_48s.json
110,48,False,0.009394250810146332,,,,C:\Users\kn109\Code\Adaptive-Spring-Network\spring-network\topologies\spatial\global_search\candidate_0110_48s.json
111,48,False,0.04438222199678421,,,,C:\Users\kn109\Code\Adaptive-Spring-Network\spring-network\topologies\spatial\global_search\candidate_0111_48s.json
112,48,False,0.019236892461776733,,,,C:\Users\kn109\Code\Adaptive-Spring-Network\spring-network\topologies\spatial\global_search\candidate_0112_48s.json
113,48,False,0.00924341194331646,,,,C:\Users\kn109\Code\Adaptive-Spring-Network\spring-network\topologies\spatial\global_search\candidate_0113_48s.json
114,48,False,0.00043451040983200073,,,,C:\Users\kn109\Code\Adaptive-Spring-Network\spring-network\topologies\spatial\global_search\candidate_0114_48s.json
115,48,False,0.0033224052749574184,,,,C:\Users\kn109\Code\Adaptive-Spring-Network\spring-network\topologies\spatial\global_search\candidate_0115_48s.json
116,48,False,0.003251723013818264,,,,C:\Users\kn109\Code\Adaptive-Spring-Network\spring-network\topologies\spatial\global_search\candidate_0116_48s.json
117,48,True,0.058690909296274185,46.22847366333008,2.2695858478546143,28.854524612426758,C:\Users\kn109\Code\Adaptive-Spring-Network\spring-network\topologies\spatial\global_search\candidate_0117_48s.json
118,48,False,0.046493347734212875,,,,C:\Users\kn109\Code\Adaptive-Spring-Network\spring-network\topologies\spatial\global_search\candidate_0118_48s.json
119,48,True,0.06681569665670395,46.896244049072266,10.418949127197266,65.78431701660156,C:\Users\kn109\Code\Adaptive-Spring-Network\spring-network\topologies\spatial\global_search\candidate_0119_48s.json
120,56,False,0.017449235543608665,,,,C:\Users\kn109\Code\Adaptive-Spring-Network\spring-network\topologies\spatial\global_search\candidate_0120_56s.json
121,56,False,0.013457159511744976,,,,C:\Users\kn109\Code\Adaptive-Spring-Network\spring-network\topologies\spatial\global_search\candidate_0121_56s.json
122,56,False,0.029266415163874626,,,,C:\Users\kn109\Code\Adaptive-Spring-Network\spring-network\topologies\spatial\global_search\candidate_0122_56s.json
123,56,False,0.012743983417749405,,,,C:\Users\kn109\Code\Adaptive-Spring-Network\spring-network\topologies\spatial\global_search\candidate_0123_56s.json
124,56,False,0.0035713398829102516,,,,C:\Users\kn109\Code\Adaptive-Spring-Network\spring-network\topologies\spatial\global_search\candidate_0124_56s.json
125,56,False,0.005530159454792738,,,,C:\Users\kn109\Code\Adaptive-Spring-Network\spring-network\topologies\spatial\global_search\candidate_0125_56s.json
126,56,False,0.013967912644147873,,,,C:\Users\kn109\Code\Adaptive-Spring-Network\spring-network\topologies\spatial\global_search\candidate_0126_56s.json
127,56,False,0.01076444424688816,,,,C:\Users\kn109\Code\Adaptive-Spring-Network\spring-network\topologies\spatial\global_search\candidate_0127_56s.json
128,56,False,0.0006086520734243095,,,,C:\Users\kn109\Code\Adaptive-Spring-Network\spring-network\topologies\spatial\global_search\candidate_0128_56s.json
129,56,False,0.004885122179985046,,,,C:\Users\kn109\Code\Adaptive-Spring-Network\spring-network\topologies\spatial\global_search\candidate_0129_56s.json
130,56,False,0.013446973636746407,,,,C:\Users\kn109\Code\Adaptive-Spring-Network\spring-network\topologies\spatial\global_search\candidate_0130_56s.json
131,56,True,0.053654663264751434,51.06686782836914,0.05784767121076584,0.08986302465200424,C:\Users\kn109\Code\Adaptive-Spring-Network\spring-network\topologies\spatial\global_search\candidate_0131_56s.json
132,56,True,0.05296787619590759,50.6092643737793,4.418570041656494,56.7704963684082,C:\Users\kn109\Code\Adaptive-Spring-Network\spring-network\topologies\spatial\global_search\candidate_0132_56s.json
133,56,False,0.027788853272795677,,,,C:\Users\kn109\Code\Adaptive-Spring-Network\spring-network\topologies\spatial\global_search\candidate_0133_56s.json
134,56,False,0.02140713296830654,,,,C:\Users\kn109\Code\Adaptive-Spring-Network\spring-network\topologies\spatial\global_search\candidate_0134_56s.json
135,56,False,0.007430956233292818,,,,C:\Users\kn109\Code\Adaptive-Spring-Network\spring-network\topologies\spatial\global_search\candidate_0135_56s.json
136,56,False,0.04169994965195656,,,,C:\Users\kn109\Code\Adaptive-Spring-Network\spring-network\topologies\spatial\global_search\candidate_0136_56s.json
137,56,False,0.0015994008863344789,,,,C:\Users\kn109\Code\Adaptive-Spring-Network\spring-network\topologies\spatial\global_search\candidate_0137_56s.json
138,56,False,0.035434920340776443,,,,C:\Users\kn109\Code\Adaptive-Spring-Network\spring-network\topologies\spatial\global_search\candidate_0138_56s.json
139,56,False,0.0016434203134849668,,,,C:\Users\kn109\Code\Adaptive-Spring-Network\spring-network\topologies\spatial\global_search\candidate_0139_56s.json
140,56,False,0.010176978074014187,,,,C:\Users\kn109\Code\Adaptive-Spring-Network\spring-network\topologies\spatial\global_search\candidate_0140_56s.json
141,56,False,0.0001388968958053738,,,,C:\Users\kn109\Code\Adaptive-Spring-Network\spring-network\topologies\spatial\global_search\candidate_0141_56s.json
142,56,False,0.006026283372193575,,,,C:\Users\kn109\Code\Adaptive-Spring-Network\spring-network\topologies\spatial\global_search\candidate_0142_56s.json
143,56,False,0.005565891042351723,,,,C:\Users\kn109\Code\Adaptive-Spring-Network\spring-network\topologies\spatial\global_search\candidate_0143_56s.json
144,56,False,0.022764338180422783,,,,C:\Users\kn109\Code\Adaptive-Spring-Network\spring-network\topologies\spatial\global_search\candidate_0144_56s.json
145,56,False,0.00805817823857069,,,,C:\Users\kn109\Code\Adaptive-Spring-Network\spring-network\topologies\spatial\global_search\candidate_0145_56s.json
146,56,True,0.06825621426105499,46.91641616821289,0.06340521574020386,0.13244855403900146,C:\Users\kn109\Code\Adaptive-Spring-Network\spring-network\topologies\spatial\global_search\candidate_0146_56s.json
147,56,False,0.004032861441373825,,,,C:\Users\kn109\Code\Adaptive-Spring-Network\spring-network\topologies\spatial\global_search\candidate_0147_56s.json
148,56,False,0.040875934064388275,,,,C:\Users\kn109\Code\Adaptive-Spring-Network\spring-network\topologies\spatial\global_search\candidate_0148_56s.json
149,56,False,0.018690485507249832,,,,C:\Users\kn109\Code\Adaptive-Spring-Network\spring-network\topologies\spatial\global_search\candidate_0149_56s.json
150,64,False,0.0033059013076126575,,,,C:\Users\kn109\Code\Adaptive-Spring-Network\spring-network\topologies\spatial\global_search\candidate_0150_64s.json
151,64,False,0.005050451960414648,,,,C:\Users\kn109\Code\Adaptive-Spring-Network\spring-network\topologies\spatial\global_search\candidate_0151_64s.json
152,64,False,0.015485635958611965,,,,C:\Users\kn109\Code\Adaptive-Spring-Network\spring-network\topologies\spatial\global_search\candidate_0152_64s.json
153,64,False,0.020166631788015366,,,,C:\Users\kn109\Code\Adaptive-Spring-Network\spring-network\topologies\spatial\global_search\candidate_0153_64s.json
154,64,False,0.006339350715279579,,,,C:\Users\kn109\Code\Adaptive-Spring-Network\spring-network\topologies\spatial\global_search\candidate_0154_64s.json
155,64,False,0.007736101280897856,,,,C:\Users\kn109\Code\Adaptive-Spring-Network\spring-network\topologies\spatial\global_search\candidate_0155_64s.json
156,64,False,0.005985545460134745,,,,C:\Users\kn109\Code\Adaptive-Spring-Network\spring-network\topologies\spatial\global_search\candidate_0156_64s.json
157,64,False,0.03419265151023865,,,,C:\Users\kn109\Code\Adaptive-Spring-Network\spring-network\topologies\spatial\global_search\candidate_0157_64s.json
158,64,False,0.0067051490768790245,,,,C:\Users\kn109\Code\Adaptive-Spring-Network\spring-network\topologies\spatial\global_search\candidate_0158_64s.json
159,64,False,0.029327569529414177,,,,C:\Users\kn109\Code\Adaptive-Spring-Network\spring-network\topologies\spatial\global_search\candidate_0159_64s.json
160,64,False,0.03570101410150528,,,,C:\Users\kn109\Code\Adaptive-Spring-Network\spring-network\topologies\spatial\global_search\candidate_0160_64s.json
161,64,False,0.005952389910817146,,,,C:\Users\kn109\Code\Adaptive-Spring-Network\spring-network\topologies\spatial\global_search\candidate_0161_64s.json
162,64,False,0.0023460134398192167,,,,C:\Users\kn109\Code\Adaptive-Spring-Network\spring-network\topologies\spatial\global_search\candidate_0162_64s.json
163,64,False,0.0037792955990880728,,,,C:\Users\kn109\Code\Adaptive-Spring-Network\spring-network\topologies\spatial\global_search\candidate_0163_64s.json
164,64,False,0.0030785962007939816,,,,C:\Users\kn109\Code\Adaptive-Spring-Network\spring-network\topologies\spatial\global_search\candidate_0164_64s.json
165,64,False,0.03627901151776314,,,,C:\Users\kn109\Code\Adaptive-Spring-Network\spring-network\topologies\spatial\global_search\candidate_0165_64s.json
166,64,False,0.004276997409760952,,,,C:\Users\kn109\Code\Adaptive-Spring-Network\spring-network\topologies\spatial\global_search\candidate_0166_64s.json
167,64,False,0.04188616946339607,,,,C:\Users\kn109\Code\Adaptive-Spring-Network\spring-network\topologies\spatial\global_search\candidate_0167_64s.json
168,64,False,0.008157230913639069,,,,C:\Users\kn109\Code\Adaptive-Spring-Network\spring-network\topologies\spatial\global_search\candidate_0168_64s.json
169,64,False,0.006455232389271259,,,,C:\Users\kn109\Code\Adaptive-Spring-Network\spring-network\topologies\spatial\global_search\candidate_0169_64s.json
170,64,False,0.01154504157602787,,,,C:\Users\kn109\Code\Adaptive-Spring-Network\spring-network\topologies\spatial\global_search\candidate_0170_64s.json
171,64,False,0.0010978037025779486,,,,C:\Users\kn109\Code\Adaptive-Spring-Network\spring-network\topologies\spatial\global_search\candidate_0171_64s.json
172,64,False,0.03998604416847229,,,,C:\Users\kn109\Code\Adaptive-Spring-Network\spring-network\topologies\spatial\global_search\candidate_0172_64s.json
173,64,False,0.006580237299203873,,,,C:\Users\kn109\Code\Adaptive-Spring-Network\spring-network\topologies\spatial\global_search\candidate_0173_64s.json
174,64,False,0.006159648764878511,,,,C:\Users\kn109\Code\Adaptive-Spring-Network\spring-network\topologies\spatial\global_search\candidate_0174_64s.json
175,64,False,0.004527941811829805,,,,C:\Users\kn109\Code\Adaptive-Spring-Network\spring-network\topologies\spatial\global_search\candidate_0175_64s.json
176,64,False,0.004374074283987284,,,,C:\Users\kn109\Code\Adaptive-Spring-Network\spring-network\topologies\spatial\global_search\candidate_0176_64s.json
177,64,False,0.002203055890277028,,,,C:\Users\kn109\Code\Adaptive-Spring-Network\spring-network\topologies\spatial\global_search\candidate_0177_64s.json
178,64,False,0.010274965316057205,,,,C:\Users\kn109\Code\Adaptive-Spring-Network\spring-network\topologies\spatial\global_search\candidate_0178_64s.json
179,64,False,3.462083668637206e-06,,,,C:\Users\kn109\Code\Adaptive-Spring-Network\spring-network\topologies\spatial\global_search\candidate_0179_64s.json
