profile,family,roughness_score,rmse_nm,offload_pct,mean_abs_residual_nm,peak_abs_residual_nm
rough_terrain_0057,rough_terrain,0.645586,2.935602,95.126063,2.508552,5.741270
mixed_terrain_0049,mixed_terrain,0.528396,4.620953,84.811761,3.968351,11.265506
rough_terrain_0002,rough_terrain,0.580278,2.632849,87.958500,2.153997,5.499064
flat_terrain_0024,flat_terrain,0.385367,5.602202,83.317460,4.667228,11.669850
mixed_terrain_0062,mixed_terrain,0.545184,1.801978,93.790300,1.437063,5.801180
mixed_terrain_0097,mixed_terrain,0.574225,9.125115,80.882093,7.159230,20.999977
flat_terrain_0059,flat_terrain,0.436208,5.868681,92.159772,4.999573,20.664525
rough_terrain_0041,rough_terrain,0.623524,3.132565,71.602055,2.629039,6.175647
rough_terrain_0082,rough_terrain,0.699762,20.647097,29.762270,17.017039,41.348976
flat_terrain_0020,flat_terrain,0.373535,3.618560,87.787165,2.678706,18.303353
rough_terrain_0096,rough_terrain,0.762752,8.486778,67.283150,6.809683,19.505798
mixed_terrain_0043,mixed_terrain,0.518069,6.928464,94.928801,6.115865,17.499885
mixed_terrain_0068,mixed_terrain,0.548934,6.955960,94.642045,5.857038,17.303817
flat_terrain_0050,flat_terrain,0.424800,2.046746,90.060149,1.674685,4.620522
flat_terrain_0072,flat_terrain,0.450193,6.541825,92.772835,4.510065,45.706411
mixed_terrain_0015,mixed_terrain,0.494043,6.401906,88.735702,4.632762,23.781728
rough_terrain_0022,rough_terrain,0.599387,5.908423,95.182842,5.215623,12.911367
mixed_terrain_0096,mixed_terrain,0.574087,5.310240,87.370903,4.169175,24.889420
rough_terrain_0053,rough_terrain,0.639456,4.539432,93.314992,3.240335,29.921448
rough_terrain_0029,rough_terrain,0.610425,4.156486,88.663884,3.189860,22.975635
flat_terrain_0035,flat_terrain,0.401768,7.283976,69.743076,5.773088,15.588151
rough_terrain_0081,rough_terrain,0.699659,7.192076,82.167561,5.292290,17.356918
flat_terrain_0026,flat_terrain,0.389209,1.835542,87.996082,1.510203,3.599989
mixed_terrain_0095,mixed_terrain,0.573663,4.918746,81.304824,3.585905,20.721038
rough_terrain_0043,rough_terrain,0.626402,6.710761,92.738360,5.305909,16.242212
flat_terrain_0083,flat_terrain,0.464000,5.023868,72.305041,4.113328,10.086331
rough_terrain_0016,rough_terrain,0.593975,3.783099,82.399000,3.147443,12.056745
mixed_terrain_0045,mixed_terrain,0.524268,6.096184,76.889884,4.744412,16.630307
flat_terrain_0094,flat_terrain,0.475852,5.003458,88.972259,4.007464,22.693200
mixed_terrain_0033,mixed_terrain,0.510233,3.290917,76.358641,2.694109,10.582764
flat_terrain_0090,flat_terrain,0.470004,2.218142,83.474196,1.848162,4.928247
rough_terrain_0084,rough_terrain,0.705586,2.777204,85.233467,2.222852,6.157016
flat_terrain_0017,flat_terrain,0.361466,5.799655,89.559148,4.628182,28.240529
flat_terrain_0016,flat_terrain,0.351260,4.930102,73.143132,4.229125,10.359854
mixed_terrain_0090,mixed_terrain,0.568883,8.701225,80.451963,6.763821,32.827684
rough_terrain_0073,rough_terrain,0.687021,6.602989,95.391509,5.316690,32.121981
mixed_terrain_0040,mixed_terrain,0.514615,3.317079,94.844918,2.731451,8.573495
mixed_terrain_0050,mixed_terrain,0.530821,4.901583,71.701676,3.775177,10.360862
rough_terrain_0006,rough_terrain,0.583065,6.505574,59.496001,5.333998,16.695437
mixed_terrain_0076,mixed_terrain,0.554366,13.522737,63.077575,10.248558,32.228958
rough_terrain_0045,rough_terrain,0.628299,10.682727,80.046630,7.928479,24.890940
rough_terrain_0088,rough_terrain,0.723165,8.947031,81.326693,7.405434,19.580199
flat_terrain_0092,flat_terrain,0.470548,2.242223,93.137121,1.779757,10.762672
rough_terrain_0093,rough_terrain,0.733751,8.090579,82.861483,6.379283,17.672472
rough_terrain_0034,rough_terrain,0.613763,4.056501,88.708048,2.979013,13.057814
flat_terrain_0008,flat_terrain,0.319404,3.392142,89.194998,2.500799,18.796149
rough_terrain_0052,rough_terrain,0.639302,5.653963,54.182698,4.609791,11.156883
mixed_terrain_0029,mixed_terrain,0.506059,7.876807,57.813191,6.389699,19.968373
mixed_terrain_0032,mixed_terrain,0.508430,7.585647,84.809128,5.903916,20.842898
flat_terrain_0052,flat_terrain,0.426353,4.825983,92.749952,3.598574,15.030299
rough_terrain_0020,rough_terrain,0.597227,11.459205,23.106014,9.935144,19.923769
rough_terrain_0032,rough_terrain,0.613304,7.880241,79.192224,6.158862,32.287139
rough_terrain_0094,rough_terrain,0.736189,3.922742,81.422105,3.291555,11.810186
mixed_terrain_0080,mixed_terrain,0.559593,4.801737,86.584370,3.622003,15.315156
mixed_terrain_0012,mixed_terrain,0.491484,4.805561,83.021550,3.679432,24.460726
flat_terrain_0003,flat_terrain,0.302221,2.010454,92.861523,1.333478,13.507972
flat_terrain_0042,flat_terrain,0.415319,8.598600,1.523891,7.295568,15.646960
rough_terrain_0063,rough_terrain,0.665476,3.506234,94.296317,3.004979,7.932680
mixed_terrain_0044,mixed_terrain,0.518875,3.757499,96.850254,3.137008,15.654583
mixed_terrain_0020,mixed_terrain,0.499396,4.108395,97.042582,2.997922,21.054821
flat_terrain_0064,flat_terrain,0.441335,4.228761,84.284221,3.321212,25.262699
rough_terrain_0015,rough_terrain,0.593281,5.739552,80.023126,4.566488,12.912849
flat_terrain_0021,flat_terrain,0.375115,3.055311,94.442936,2.643851,7.314780
flat_terrain_0031,flat_terrain,0.391849,3.517487,91.078403,2.650439,23.444638
mixed_terrain_0074,mixed_terrain,0.553602,8.849473,68.584212,6.210345,22.921066
flat_terrain_0051,flat_terrain,0.425033,5.404806,95.972591,4.275556,29.883121
flat_terrain_0028,flat_terrain,0.389795,1.341244,97.217897,1.059946,7.832526
flat_terrain_0076,flat_terrain,0.453272,3.918374,70.729480,3.342647,7.104491
flat_terrain_0047,flat_terrain,0.420568,7.285153,38.417766,6.002923,21.112123
rough_terrain_0027,rough_terrain,0.607659,4.573680,96.657407,3.258296,15.412276
rough_terrain_0039,rough_terrain,0.618312,10.732747,62.699788,8.052685,28.504638
flat_terrain_0069,flat_terrain,0.445275,4.233180,42.601366,3.866252,6.798590
rough_terrain_0003,rough_terrain,0.580360,2.934106,89.546399,2.556000,6.012638
flat_terrain_0061,flat_terrain,0.437321,7.205002,86.931026,5.813703,24.463002
flat_terrain_0043,flat_terrain,0.416351,5.745886,94.930706,4.746627,24.240939
rough_terrain_0066,rough_terrain,0.677298,5.432031,97.210554,4.154089,19.393850
rough_terrain_0087,rough_terrain,0.720203,5.125867,86.960861,4.012558,11.500966
flat_terrain_0018,flat_terrain,0.365285,6.011371,96.893602,4.591748,30.551852
mixed_terrain_0047,mixed_terrain,0.526686,5.774821,94.783792,4.990840,18.100600
rough_terrain_0005,rough_terrain,0.581968,5.574386,86.988578,4.207829,17.768533
mixed_terrain_0041,mixed_terrain,0.514645,7.999478,80.267251,6.383419,25.164973
flat_terrain_0013,flat_terrain,0.349796,3.584940,88.206785,2.712403,12.975113
rough_terrain_0019,rough_terrain,0.597014,3.383468,86.673154,2.652700,12.750640
mixed_terrain_0008,mixed_terrain,0.486040,6.785194,80.334274,5.516701,17.652715
flat_terrain_0068,flat_terrain,0.442969,9.286682,46.229042,7.698855,17.235790
mixed_terrain_0042,mixed_terrain,0.517742,5.744509,81.538886,4.554293,16.991499
rough_terrain_0064,rough_terrain,0.675029,12.189892,65.387624,9.085944,27.522315
rough_terrain_0004,rough_terrain,0.581642,4.071290,94.837629,3.212238,12.702619
flat_terrain_0087,flat_terrain,0.467916,16.017971,36.625540,13.304988,29.911681
mixed_terrain_0063,mixed_terrain,0.545486,3.087310,95.842922,2.373612,18.041543
mixed_terrain_0089,mixed_terrain,0.568438,5.888903,92.652381,4.612745,29.848310
rough_terrain_0049,rough_terrain,0.633144,7.020827,67.888708,5.147665,14.482992
mixed_terrain_0002,mixed_terrain,0.482781,5.546236,93.986943,4.527074,30.223062
mixed_terrain_0009,mixed_terrain,0.487725,2.267627,97.048927,1.798568,8.955154
mixed_terrain_0056,mixed_terrain,0.536450,6.274524,88.951512,5.112479,16.455309
flat_terrain_0038,flat_terrain,0.404762,12.533995,53.210998,9.656836,25.858339
rough_terrain_0089,rough_terrain,0.724699,8.045309,90.554496,6.676300,17.956901
rough_terrain_0012,rough_terrain,0.589733,8.280250,79.215217,6.586971,30.312206
mixed_terrain_0094,mixed_terrain,0.572475,8.041423,66.213019,6.148432,17.118914
rough_terrain_0008,rough_terrain,0.584501,8.782609,77.755070,7.000351,17.216250
mixed_terrain_0019,mixed_terrain,0.497618,12.917442,51.196543,10.038172,25.980212
rough_terrain_0026,rough_terrain,0.604959,3.911690,96.614927,3.447834,8.653686
flat_terrain_0062,flat_terrain,0.438648,2.802974,86.854323,2.244729,9.276643
rough_terrain_0097,rough_terrain,0.764657,5.877957,92.207591,4.523600,21.951339
mixed_terrain_0065,mixed_terrain,0.548394,9.073129,83.601855,7.151990,33.458244
flat_terrain_0049,flat_terrain,0.420729,4.424795,94.326121,3.608189,10.290423
rough_terrain_0075,rough_terrain,0.687764,1.795777,84.144397,1.511627,4.725779
mixed_terrain_0001,mixed_terrain,0.480965,4.611873,91.865663,3.436382,14.921555
rough_terrain_0092,rough_terrain,0.732098,11.799729,83.448663,8.797764,38.120483
rough_terrain_0030,rough_terrain,0.611476,9.557702,65.994363,7.187288,19.680622
rough_terrain_0023,rough_terrain,0.604209,5.511153,91.782683,4.582097,22.991540
mixed_terrain_0051,mixed_terrain,0.532094,3.685188,94.922136,3.177053,8.324288
flat_terrain_0019,flat_terrain,0.370120,4.738187,93.863002,3.966150,14.703994
mixed_terrain_0007,mixed_terrain,0.485667,16.466782,-81.311972,14.291316,28.847222
flat_terrain_0056,flat_terrain,0.432468,4.182282,79.147266,3.287029,8.956228
mixed_terrain_0079,mixed_terrain,0.558371,3.916068,86.273247,3.043335,11.929919
mixed_terrain_0010,mixed_terrain,0.488411,7.773282,64.830930,6.061752,22.836968
mixed_terrain_0046,mixed_terrain,0.524617,6.113611,88.762562,4.852178,14.134395
mixed_terrain_0098,mixed_terrain,0.574406,7.941690,40.101716,6.129309,17.395006
rough_terrain_0070,rough_terrain,0.683961,7.745848,61.702755,6.162144,15.852817
mixed_terrain_0058,mixed_terrain,0.539737,7.790464,84.182725,5.699864,40.834801
flat_terrain_0022,flat_terrain,0.382529,6.640503,76.690043,4.580996,16.054470
mixed_terrain_0087,mixed_terrain,0.568322,8.295579,92.991725,6.900089,26.049147
flat_terrain_0010,flat_terrain,0.342332,2.477331,87.804980,1.870545,6.634919
flat_terrain_0089,flat_terrain,0.469532,4.078021,76.902267,3.005979,21.443878
rough_terrain_0046,rough_terrain,0.631431,5.583708,84.924667,4.055613,22.553253
flat_terrain_0027,flat_terrain,0.389663,3.480575,90.599225,2.757738,8.343647
rough_terrain_0067,rough_terrain,0.677645,6.964788,90.849608,5.003905,25.803907
flat_terrain_0081,flat_terrain,0.460244,12.627590,64.783104,10.496569,41.303900
flat_terrain_0002,flat_terrain,0.300660,2.411510,98.018956,1.844419,6.079713
rough_terrain_0042,rough_terrain,0.625299,12.694461,24.278645,10.560255,20.460360
flat_terrain_0030,flat_terrain,0.389924,2.296888,96.495766,1.785382,9.573361
flat_terrain_0039,flat_terrain,0.412608,8.823683,83.157232,6.406454,27.221911
mixed_terrain_0022,mixed_terrain,0.501658,4.257076,90.833721,3.564232,13.196093
flat_terrain_0060,flat_terrain,0.436990,1.310837,94.073643,1.174042,3.000454
flat_terrain_0007,flat_terrain,0.318810,5.144051,77.659624,3.640351,12.548285
mixed_terrain_0013,mixed_terrain,0.492374,14.366349,66.681715,10.720205,31.292742
mixed_terrain_0088,mixed_terrain,0.568371,6.021554,66.883469,4.305877,17.558506
mixed_terrain_0048,mixed_terrain,0.527587,4.070251,89.917994,3.275465,11.563185
flat_terrain_0080,flat_terrain,0.458810,6.614433,94.718792,5.736932,13.179074
mixed_terrain_0026,mixed_terrain,0.504377,4.302955,88.688688,3.637394,17.987893
rough_terrain_0060,rough_terrain,0.655970,6.582614,90.327483,5.123444,20.525477
rough_terrain_0001,rough_terrain,0.580151,5.483901,64.644297,4.326368,13.451346
flat_terrain_0088,flat_terrain,0.469434,2.209552,87.020566,1.787907,5.139105
mixed_terrain_0081,mixed_terrain,0.561533,8.986977,77.447422,6.867932,39.825695
rough_terrain_0031,rough_terrain,0.613254,5.020057,91.786055,3.961387,30.610987
rough_terrain_0079,rough_terrain,0.698099,2.149187,85.674331,1.759809,6.229974
flat_terrain_0095,flat_terrain,0.477593,3.509153,85.920229,3.073163,8.783898
rough_terrain_0086,rough_terrain,0.716766,3.608088,91.591201,3.040239,8.039628
mixed_terrain_0017,mixed_terrain,0.496677,2.374218,86.307993,1.872316,6.109121
rough_terrain_0000,rough_terrain,0.576819,3.118276,78.936663,2.575985,6.943149
flat_terrain_0036,flat_terrain,0.401934,6.304107,90.693944,4.884124,15.487698
mixed_terrain_0030,mixed_terrain,0.506464,4.318139,80.583794,3.610644,9.470511
mixed_terrain_0016,mixed_terrain,0.496002,6.039217,92.057731,5.007497,28.200959
mixed_terrain_0014,mixed_terrain,0.492841,6.454393,84.692197,5.422986,23.123548
flat_terrain_0098,flat_terrain,0.480483,7.742408,87.275014,6.203760,33.020499
rough_terrain_0077,rough_terrain,0.695109,12.101108,57.650563,10.059779,24.963230
flat_terrain_0066,flat_terrain,0.441453,6.362889,93.564918,5.439916,20.121125
mixed_terrain_0039,mixed_terrain,0.514166,5.449682,91.973680,4.541209,19.974951
mixed_terrain_0023,mixed_terrain,0.503228,5.305062,97.043047,4.211294,12.353738
mixed_terrain_0006,mixed_terrain,0.485449,3.763552,93.155663,3.160229,8.522373
flat_terrain_0040,flat_terrain,0.413238,6.928863,93.464133,5.863028,15.071880
flat_terrain_0053,flat_terrain,0.429431,5.923921,76.591147,4.585938,18.617414
flat_terrain_0077,flat_terrain,0.456431,7.427336,87.578121,5.857119,23.807331
rough_terrain_0038,rough_terrain,0.617557,6.400550,74.580364,4.834444,17.047338
flat_terrain_0034,flat_terrain,0.397534,4.947067,93.301025,4.126126,10.323566
mixed_terrain_0071,mixed_terrain,0.550598,3.378004,87.070428,2.807417,6.742920
mixed_terrain_0038,mixed_terrain,0.514098,6.875601,96.938686,5.584169,28.486214
mixed_terrain_0064,mixed_terrain,0.547022,5.472913,83.124168,4.573252,24.867099
flat_terrain_0054,flat_terrain,0.430047,5.939311,68.257212,4.620568,22.370980
flat_terrain_0065,flat_terrain,0.441369,8.526655,89.742955,6.678094,29.961590
flat_terrain_0057,flat_terrain,0.433363,4.432159,91.374956,3.495793,11.029839
mixed_terrain_0003,mixed_terrain,0.482915,4.231004,94.671226,3.599285,20.065281
rough_terrain_0007,rough_terrain,0.583276,2.509840,93.424711,1.996466,6.221579
flat_terrain_0055,flat_terrain,0.431208,2.064403,81.738735,1.768720,4.411201
mixed_terrain_0005,mixed_terrain,0.484509,3.550311,84.827217,2.567664,21.430971
flat_terrain_0006,flat_terrain,0.315503,3.739587,95.593810,3.375110,8.999993
rough_terrain_0028,rough_terrain,0.610105,5.573809,94.010702,4.731906,22.087958
mixed_terrain_0093,mixed_terrain,0.572287,4.840201,94.884747,3.783088,17.771840
rough_terrain_0085,rough_terrain,0.713339,5.171291,93.040567,4.392754,22.890555
rough_terrain_0062,rough_terrain,0.660822,5.372928,91.860578,4.692252,11.541316
mixed_terrain_0053,mixed_terrain,0.533139,6.241292,72.139167,5.308529,14.796937
mixed_terrain_0083,mixed_terrain,0.564553,7.650246,65.912609,5.862261,22.232711
flat_terrain_0070,flat_terrain,0.446390,7.310022,55.799598,6.317075,13.275164
flat_terrain_0097,flat_terrain,0.479436,8.873465,92.736025,6.637118,28.689903
flat_terrain_0067,flat_terrain,0.441991,1.716496,95.288605,1.268832,4.577509
flat_terrain_0001,flat_terrain,0.298901,12.346786,66.090494,9.463393,26.034545
rough_terrain_0083,rough_terrain,0.700953,3.981450,97.052464,3.175022,9.310135
mixed_terrain_0091,mixed_terrain,0.570172,7.733231,82.654066,6.192480,18.522239
mixed_terrain_0069,mixed_terrain,0.549013,2.833349,93.232957,2.396841,8.209948
mixed_terrain_0004,mixed_terrain,0.483671,9.837982,80.009266,6.610890,27.322462
rough_terrain_0080,rough_terrain,0.699073,13.693376,73.619859,11.274108,29.530325
mixed_terrain_0054,mixed_terrain,0.533409,6.062061,72.155674,4.707833,13.308998
rough_terrain_0014,rough_terrain,0.592261,8.333443,66.175003,6.434442,23.199103
rough_terrain_0047,rough_terrain,0.632365,10.880614,63.783627,8.554639,25.034465
flat_terrain_0012,flat_terrain,0.345575,6.576257,73.678085,5.261482,27.757504
mixed_terrain_0070,mixed_terrain,0.550579,3.721155,96.830549,3.267170,13.152143
rough_terrain_0058,rough_terrain,0.647895,9.073737,87.170330,6.471156,27.202333
flat_terrain_0085,flat_terrain,0.465034,4.765591,89.275302,3.746955,22.173712
mixed_terrain_0086,mixed_terrain,0.567815,4.328564,95.600695,3.549857,16.253259
mixed_terrain_0036,mixed_terrain,0.512035,4.849378,94.653443,3.733888,31.236985
mixed_terrain_0057,mixed_terrain,0.538203,3.465274,87.975471,2.826374,13.587812
flat_terrain_0078,flat_terrain,0.457391,1.497657,94.978735,1.164864,8.752695
rough_terrain_0051,rough_terrain,0.637030,6.141039,93.491813,3.529167,32.560614
flat_terrain_0074,flat_terrain,0.452361,2.776080,94.976760,2.232476,8.598503
rough_terrain_0017,rough_terrain,0.595530,4.849785,88.171390,3.894234,20.407981
mixed_terrain_0037,mixed_terrain,0.513497,4.001510,65.034347,3.398462,7.455602
mixed_terrain_0077,mixed_terrain,0.554698,6.765342,87.026938,5.431178,29.570751
flat_terrain_0041,flat_terrain,0.413338,3.321689,92.022417,2.389326,23.806166
flat_terrain_0009,flat_terrain,0.324415,2.448571,72.465194,2.125556,4.320787
flat_terrain_0004,flat_terrain,0.303863,3.433467,76.421322,2.770909,6.884352
mixed_terrain_0084,mixed_terrain,0.564560,3.128135,91.679300,2.657383,6.302785
flat_terrain_0084,flat_terrain,0.464620,4.684396,60.445302,4.021142,13.143362
rough_terrain_0013,rough_terrain,0.590217,4.365249,93.822293,3.580868,16.769075
mixed_terrain_0060,mixed_terrain,0.543416,4.192886,96.195780,2.920910,30.272887
mixed_terrain_0025,mixed_terrain,0.503740,7.512358,94.807041,6.056662,18.824359
mixed_terrain_0085,mixed_terrain,0.566947,4.440474,90.797892,3.467062,10.763814
rough_terrain_0068,rough_terrain,0.682676,4.924644,97.704435,3.298934,16.856400
flat_terrain_0044,flat_terrain,0.418241,5.098917,94.870759,4.365966,12.296694
mixed_terrain_0059,mixed_terrain,0.541592,5.263148,95.610654,4.449306,18.490525
mixed_terrain_0035,mixed_terrain,0.511296,2.823521,89.327825,2.233755,7.565671
mixed_terrain_0067,mixed_terrain,0.548852,4.801462,78.669316,3.837939,12.482163
rough_terrain_0061,rough_terrain,0.659553,9.102507,70.611334,6.792341,20.546350
flat_terrain_0025,flat_terrain,0.386064,8.698865,75.339517,6.898439,19.018853
rough_terrain_0021,rough_terrain,0.598334,3.188906,90.132898,2.646793,7.121240
mixed_terrain_0061,mixed_terrain,0.544336,5.543304,88.514835,4.549998,13.000600
mixed_terrain_0011,mixed_terrain,0.490797,2.913564,89.471248,2.516779,5.810801
flat_terrain_0023,flat_terrain,0.384987,4.559102,92.250146,3.941829,11.758304
rough_terrain_0056,rough_terrain,0.645552,4.545562,75.610398,3.309064,10.483335
rough_terrain_0078,rough_terrain,0.695135,4.261335,93.297765,3.093972,14.536043
flat_terrain_0058,flat_terrain,0.435903,6.627207,88.507665,5.107616,27.611818
rough_terrain_0099,rough_terrain,0.857591,7.355390,94.550064,6.025893,24.739189
rough_terrain_0076,rough_terrain,0.690913,9.963409,55.232101,8.295110,20.021346
rough_terrain_0059,rough_terrain,0.652247,6.375387,95.057514,5.453161,14.903076
mixed_terrain_0073,mixed_terrain,0.550856,5.432489,90.812436,4.321575,14.880004
mixed_terrain_0028,mixed_terrain,0.505915,5.820099,87.424247,4.947154,11.910198
rough_terrain_0024,rough_terrain,0.604671,5.010225,89.450433,4.040791,23.040520
mixed_terrain_0018,mixed_terrain,0.496738,11.407498,53.711552,9.171198,21.434596
rough_terrain_0009,rough_terrain,0.584662,5.962580,85.552105,4.443554,14.418414
rough_terrain_0091,rough_terrain,0.729482,10.916407,81.388066,8.381115,31.223064
flat_terrain_0093,flat_terrain,0.472505,3.410225,79.381633,2.616904,7.020535
rough_terrain_0025,rough_terrain,0.604889,6.787086,92.532081,5.606884,18.788441
rough_terrain_0055,rough_terrain,0.645299,14.133061,37.708609,11.757763,25.921597
mixed_terrain_0082,mixed_terrain,0.561797,7.285467,89.984467,6.012531,16.249887
rough_terrain_0048,rough_terrain,0.632595,7.543406,88.407902,5.043024,29.752045
rough_terrain_0040,rough_terrain,0.620439,6.668523,85.723824,5.586604,13.971170
flat_terrain_0033,flat_terrain,0.395484,3.046934,91.326549,2.420529,15.577575
rough_terrain_0050,rough_terrain,0.633950,6.676393,73.901006,4.916128,17.441134
flat_terrain_0029,flat_terrain,0.389886,7.835045,86.713007,6.086416,21.620550
flat_terrain_0082,flat_terrain,0.461203,2.805158,97.761053,2.203416,8.376669
mixed_terrain_0000,mixed_terrain,0.480756,4.898380,57.168694,4.180691,9.857346
flat_terrain_0063,flat_terrain,0.439124,4.224746,92.750964,3.644644,9.627466
rough_terrain_0069,rough_terrain,0.682696,7.276425,86.125013,6.001163,33.801189
mixed_terrain_0078,mixed_terrain,0.555310,4.808510,95.933081,3.989493,18.322451
flat_terrain_0032,flat_terrain,0.393854,4.172127,93.698287,3.283418,20.416709
flat_terrain_0091,flat_terrain,0.470024,5.417417,78.723466,4.031486,12.567035
rough_terrain_0033,rough_terrain,0.613381,3.750438,90.255322,2.979611,18.185004
flat_terrain_0000,flat_terrain,0.296034,9.714777,54.804493,7.490195,21.334681
mixed_terrain_0075,mixed_terrain,0.554188,5.635989,96.080801,4.652734,21.941325
mixed_terrain_0072,mixed_terrain,0.550841,6.086185,97.152270,4.893058,22.781868
flat_terrain_0046,flat_terrain,0.420240,2.940964,96.005769,2.370863,9.340439
flat_terrain_0045,flat_terrain,0.419732,4.213275,85.227446,3.069894,22.855741
flat_terrain_0075,flat_terrain,0.452571,5.854564,87.463734,4.775159,17.004938
rough_terrain_0010,rough_terrain,0.584967,23.124264,-88.575653,19.906458,45.554502
flat_terrain_0005,flat_terrain,0.312050,8.941713,49.629118,7.394796,16.503998
rough_terrain_0018,rough_terrain,0.596056,2.693956,80.395478,2.183364,5.246429
rough_terrain_0044,rough_terrain,0.626647,4.820103,88.328114,3.756681,21.597869
flat_terrain_0079,flat_terrain,0.458648,3.139006,92.614824,2.389584,13.837191
mixed_terrain_0052,mixed_terrain,0.532426,5.442509,93.947062,4.675948,12.074063
mixed_terrain_0021,mixed_terrain,0.501244,3.970754,94.275273,3.344877,9.218437
rough_terrain_0036,rough_terrain,0.616642,3.788450,96.051235,2.948848,19.619915
mixed_terrain_0055,mixed_terrain,0.534156,5.920132,79.091206,4.698785,22.163971
mixed_terrain_0066,mixed_terrain,0.548835,7.290336,81.806998,5.420743,16.668526
mixed_terrain_0099,mixed_terrain,0.576222,1.576562,92.271298,1.306107,5.175547
rough_terrain_0072,rough_terrain,0.686180,4.990583,96.765985,4.243352,14.332929
flat_terrain_0015,flat_terrain,0.351019,15.696467,57.358129,11.500393,37.345138
flat_terrain_0086,flat_terrain,0.466965,4.600854,92.940665,3.785804,16.307070
mixed_terrain_0031,mixed_terrain,0.506789,10.566550,59.874065,8.262605,20.715008
rough_terrain_0090,rough_terrain,0.728729,2.577422,73.335595,2.204997,5.099927
rough_terrain_0095,rough_terrain,0.755694,10.823681,78.200183,7.529924,25.444977
rough_terrain_0065,rough_terrain,0.675404,3.145520,63.016736,2.741959,8.859885
flat_terrain_0011,flat_terrain,0.344251,6.718627,71.778826,4.847890,18.744226
rough_terrain_0037,rough_terrain,0.616983,3.146032,95.983270,2.476371,9.448752
flat_terrain_0014,flat_terrain,0.350474,8.942146,55.826581,7.463188,16.424806
rough_terrain_0054,rough_terrain,0.644622,5.602436,96.138240,4.542473,15.244690
flat_terrain_0096,flat_terrain,0.479061,4.916502,95.243796,3.972781,23.565747
mixed_terrain_0027,mixed_terrain,0.504975,4.644893,95.247131,3.857346,19.850269
rough_terrain_0011,rough_terrain,0.588310,2.793850,95.687648,2.326634,10.681605
rough_terrain_0071,rough_terrain,0.684959,6.148101,94.844333,4.752535,37.103007
flat_terrain_0073,flat_terrain,0.450352,5.928041,72.001040,5.183326,11.154794
flat_terrain_0099,flat_terrain,0.480714,4.554831,93.337143,3.546375,18.790387
rough_terrain_0098,rough_terrain,0.775569,5.427676,93.841299,4.283657,21.667735
mixed_terrain_0092,mixed_terrain,0.571401,2.801839,91.094909,2.247457,6.504031
mixed_terrain_0024,mixed_terrain,0.503613,6.878247,85.034965,5.577930,27.961332
flat_terrain_0037,flat_terrain,0.404298,3.906561,85.194426,2.947220,10.988911
rough_terrain_0074,rough_terrain,0.687313,10.136255,88.121417,8.639679,30.479181
flat_terrain_0071,flat_terrain,0.446729,6.098194,95.962996,5.115233,22.736824
flat_terrain_0048,flat_terrain,0.420694,8.609844,77.071251,6.218909,21.566907
mixed_terrain_0034,mixed_terrain,0.511006,2.309943,84.660048,1.492279,6.295780
rough_terrain_0035,rough_terrain,0.615450,7.660297,78.007388,5.153291,29.825051
