profile,family,rmse_nm,offload_pct,mean_abs_residual_nm,peak_abs_residual_nm
mixed_terrain_0005,mixed_terrain,7.535446,76.776255,6.856901,12.559454
flat_terrain_0007,flat_terrain,16.640467,32.971429,13.958493,32.152045
rough_terrain_0003,rough_terrain,17.746201,72.443944,14.804983,32.765923
mixed_terrain_0062,mixed_terrain,9.147585,72.710940,7.819900,22.320342
mixed_terrain_0001,mixed_terrain,7.609432,84.785798,6.223839,16.461433
flat_terrain_0000,flat_terrain,3.712613,81.705110,3.104256,6.873375
mixed_terrain_0085,mixed_terrain,2.632091,94.565687,2.101813,6.865077
rough_terrain_0056,rough_terrain,10.042869,72.596349,8.717798,22.329389
flat_terrain_0088,flat_terrain,11.483816,50.016674,10.854567,18.925339
rough_terrain_0057,rough_terrain,18.037437,61.266496,16.229284,29.725324
mixed_terrain_0033,mixed_terrain,3.476960,84.972780,2.788372,7.720176
flat_terrain_0068,flat_terrain,5.395237,81.222899,4.484524,10.562104
flat_terrain_0003,flat_terrain,17.843025,30.119029,15.788725,29.447982
rough_terrain_0049,rough_terrain,11.044749,73.654789,8.886522,23.276984
rough_terrain_0086,rough_terrain,9.235863,75.536689,7.930391,23.936484
flat_terrain_0072,flat_terrain,3.265383,79.596529,2.903079,5.631729
mixed_terrain_0069,mixed_terrain,7.184938,79.504530,6.174715,15.279907
flat_terrain_0029,flat_terrain,5.443965,73.810554,4.223382,9.840719
flat_terrain_0050,flat_terrain,6.883143,68.425866,6.110984,11.844478
flat_terrain_0047,flat_terrain,15.919227,18.455232,14.416837,23.789707
mixed_terrain_0080,mixed_terrain,12.134270,64.319958,10.640333,20.179910
mixed_terrain_0029,mixed_terrain,12.094608,74.884325,10.390974,22.904540
flat_terrain_0054,flat_terrain,5.201026,62.216777,4.594678,8.452780
mixed_terrain_0089,mixed_terrain,19.225118,37.764312,17.975298,27.841094
rough_terrain_0091,rough_terrain,18.762727,-2.160579,15.310164,41.658465
mixed_terrain_0016,mixed_terrain,7.128324,75.888810,6.130402,12.526069
mixed_terrain_0027,mixed_terrain,14.436085,40.465457,14.060954,20.296622
mixed_terrain_0097,mixed_terrain,5.465540,89.733411,4.085905,14.702250
rough_terrain_0053,rough_terrain,23.626919,64.822042,21.193820,39.035484
flat_terrain_0079,flat_terrain,5.493261,60.766647,5.382391,7.462262
rough_terrain_0021,rough_terrain,22.386527,58.078209,19.461995,39.147297
mixed_terrain_0026,mixed_terrain,6.451837,83.644691,5.349478,13.274211
mixed_terrain_0072,mixed_terrain,7.637850,85.225999,6.405723,15.727920
mixed_terrain_0013,mixed_terrain,11.865557,70.054533,9.531193,26.971214
flat_terrain_0062,flat_terrain,8.551964,41.124714,7.782108,11.928063
flat_terrain_0069,flat_terrain,2.311262,93.667066,1.556576,5.292958
rough_terrain_0037,rough_terrain,13.055713,69.198659,11.189963,24.617460
mixed_terrain_0009,mixed_terrain,18.024073,55.869319,15.487688,29.374680
rough_terrain_0048,rough_terrain,9.627448,76.762795,8.654611,17.832396
rough_terrain_0016,rough_terrain,13.239999,84.178315,11.524857,24.480302
flat_terrain_0017,flat_terrain,21.153061,-0.377867,18.778663,37.355704
rough_terrain_0034,rough_terrain,12.411488,68.675271,10.416595,25.789428
mixed_terrain_0028,mixed_terrain,10.091918,72.443558,8.166894,16.483125
flat_terrain_0067,flat_terrain,9.849172,46.947113,8.880207,15.978956
rough_terrain_0074,rough_terrain,10.857503,78.614542,9.083684,21.593118
rough_terrain_0026,rough_terrain,15.093849,69.016255,13.196043,30.208980
mixed_terrain_0039,mixed_terrain,9.555436,76.685666,7.156053,22.933023
rough_terrain_0041,rough_terrain,25.825040,39.051178,23.856513,50.486088
flat_terrain_0028,flat_terrain,17.518909,21.320086,15.776007,30.861067
rough_terrain_0013,rough_terrain,18.471545,63.415207,17.084083,37.143064
flat_terrain_0080,flat_terrain,4.079720,79.263095,3.383074,7.917643
mixed_terrain_0025,mixed_terrain,22.002981,73.765298,15.037190,48.728647
rough_terrain_0097,rough_terrain,11.265794,75.553882,10.016572,22.199060
rough_terrain_0046,rough_terrain,6.229397,88.808509,4.651878,15.916266
flat_terrain_0005,flat_terrain,5.872755,74.783307,4.559630,10.763943
flat_terrain_0077,flat_terrain,5.785481,63.691410,5.273292,8.615278
rough_terrain_0014,rough_terrain,9.654281,82.874035,7.218577,21.938051
mixed_terrain_0070,mixed_terrain,8.431152,47.600102,7.479153,15.652938
flat_terrain_0060,flat_terrain,8.357023,68.552822,7.251479,16.341205
rough_terrain_0038,rough_terrain,14.777567,79.004847,12.287102,30.754030
rough_terrain_0087,rough_terrain,8.107261,81.934045,6.851113,15.576338
flat_terrain_0074,flat_terrain,3.762324,70.767852,3.578773,5.880660
mixed_terrain_0083,mixed_terrain,8.753939,65.210168,8.256742,15.818102
flat_terrain_0064,flat_terrain,4.756464,70.507028,3.892412,8.828917
mixed_terrain_0098,mixed_terrain,11.290717,66.655769,10.877999,18.613233
flat_terrain_0043,flat_terrain,5.842987,69.288845,5.234516,9.537080
flat_terrain_0070,flat_terrain,2.250135,88.993518,1.977965,3.863992
flat_terrain_0023,flat_terrain,7.257039,74.156715,5.868079,15.930785
mixed_terrain_0021,mixed_terrain,12.668035,61.758779,11.267482,23.126034
mixed_terrain_0035,mixed_terrain,11.417274,57.470798,11.056830,18.799381
rough_terrain_0025,rough_terrain,13.848311,59.618074,11.615842,31.252456
rough_terrain_0075,rough_terrain,10.664027,81.047963,8.385227,23.669139
flat_terrain_0039,flat_terrain,9.881110,61.768124,8.884011,18.645052
mixed_terrain_0091,mixed_terrain,18.290071,55.931678,15.980757,31.051791
mixed_terrain_0078,mixed_terrain,12.529091,59.767536,10.442371,20.093433
flat_terrain_0076,flat_terrain,9.590449,70.292389,7.691643,20.494349
rough_terrain_0066,rough_terrain,12.938280,72.699825,10.922392,27.418572
flat_terrain_0036,flat_terrain,9.911490,56.165879,9.194393,17.237619
rough_terrain_0045,rough_terrain,24.398228,48.179288,20.559727,39.734317
flat_terrain_0082,flat_terrain,6.392197,60.287075,6.124714,9.797640
rough_terrain_0039,rough_terrain,30.669750,40.842484,27.904378,47.961943
rough_terrain_0079,rough_terrain,21.087767,41.825311,17.331924,48.179036
flat_terrain_0044,flat_terrain,7.211286,62.495614,5.653197,13.569527
mixed_terrain_0045,mixed_terrain,12.473654,67.000029,10.552956,22.725034
rough_terrain_0067,rough_terrain,5.341042,90.493310,3.860306,13.923791
mixed_terrain_0082,mixed_terrain,15.265906,58.840973,13.481488,22.560113
rough_terrain_0060,rough_terrain,13.491847,62.632357,9.996995,30.370271
mixed_terrain_0041,mixed_terrain,5.723994,83.670932,4.685510,12.209637
flat_terrain_0091,flat_terrain,5.221441,76.213297,4.438442,9.427065
flat_terrain_0022,flat_terrain,4.477400,70.800879,4.016593,7.520990
rough_terrain_0095,rough_terrain,15.575767,49.996368,14.261545,24.869022
mixed_terrain_0059,mixed_terrain,7.564269,76.132876,6.175396,14.817078
rough_terrain_0009,rough_terrain,4.472431,88.946017,3.348233,14.807762
flat_terrain_0051,flat_terrain,6.927490,65.915246,5.900577,12.614805
flat_terrain_0015,flat_terrain,8.263015,21.186267,7.414254,13.688262
rough_terrain_0052,rough_terrain,12.879870,81.480330,10.376679,27.108948
rough_terrain_0028,rough_terrain,16.134210,56.839053,14.588163,29.199458
rough_terrain_0040,rough_terrain,9.507592,68.820627,7.960902,23.101799
rough_terrain_0076,rough_terrain,6.268474,89.210902,4.675009,24.845819
mixed_terrain_0053,mixed_terrain,9.598214,56.829222,8.602713,14.512730
mixed_terrain_0052,mixed_terrain,19.173290,37.320985,18.443782,29.372657
rough_terrain_0090,rough_terrain,10.145410,81.515363,8.068963,24.841760
rough_terrain_0008,rough_terrain,7.319353,86.401294,5.625309,24.617492
rough_terrain_0061,rough_terrain,9.210806,79.375121,7.881563,24.226973
mixed_terrain_0018,mixed_terrain,11.905721,76.792025,9.190272,28.568267
flat_terrain_0063,flat_terrain,5.374477,76.954094,4.575990,9.470179
mixed_terrain_0002,mixed_terrain,14.360569,50.583328,14.105985,21.280184
rough_terrain_0015,rough_terrain,10.770415,81.222814,8.930104,21.908926
flat_terrain_0056,flat_terrain,7.610633,53.082682,7.003622,11.622286
rough_terrain_0032,rough_terrain,13.157685,76.132381,11.031308,31.907127
flat_terrain_0026,flat_terrain,3.325169,76.894228,2.695452,6.263424
flat_terrain_0027,flat_terrain,7.902471,73.027899,6.912974,14.496857
rough_terrain_0030,rough_terrain,10.501888,80.514367,9.032250,30.698233
rough_terrain_0036,rough_terrain,19.196696,62.226775,17.616149,29.727272
mixed_terrain_0048,mixed_terrain,15.594970,73.632775,12.240582,30.585401
mixed_terrain_0004,mixed_terrain,13.345641,68.309631,12.422312,23.425920
mixed_terrain_0037,mixed_terrain,4.647305,78.746656,4.299650,8.778777
rough_terrain_0022,rough_terrain,19.933933,45.481553,16.829561,39.108187
rough_terrain_0098,rough_terrain,23.324434,57.113331,21.521495,36.765175
rough_terrain_0069,rough_terrain,9.844655,85.909345,7.480898,24.897734
flat_terrain_0019,flat_terrain,10.083132,59.117152,8.535186,18.819401
rough_terrain_0012,rough_terrain,17.485976,73.033034,14.152081,35.706950
rough_terrain_0078,rough_terrain,30.865084,44.293585,28.956859,45.942038
mixed_terrain_0046,mixed_terrain,23.849205,33.384363,20.942285,32.820423
flat_terrain_0092,flat_terrain,9.648632,48.533849,8.684109,13.514138
mixed_terrain_0043,mixed_terrain,12.092783,50.353927,11.167205,17.546025
flat_terrain_0024,flat_terrain,6.173794,69.688945,5.251404,12.080615
mixed_terrain_0042,mixed_terrain,3.900275,89.027484,3.139862,9.359371
flat_terrain_0061,flat_terrain,10.498074,51.975542,8.877482,17.953853
rough_terrain_0077,rough_terrain,8.878373,79.883959,7.887851,18.453719
flat_terrain_0034,flat_terrain,7.691338,65.750405,5.928184,15.871285
mixed_terrain_0006,mixed_terrain,4.882142,70.437509,4.050659,9.395428
rough_terrain_0027,rough_terrain,18.264095,75.720044,15.942008,31.971449
flat_terrain_0011,flat_terrain,11.502585,12.857865,10.264772,18.683529
mixed_terrain_0095,mixed_terrain,7.785448,62.335201,7.284406,11.906161
flat_terrain_0014,flat_terrain,6.163899,78.396561,5.118700,12.003917
mixed_terrain_0068,mixed_terrain,9.156716,56.898406,8.767129,15.069115
flat_terrain_0084,flat_terrain,4.956431,77.987581,4.494171,8.181017
mixed_terrain_0047,mixed_terrain,13.151813,57.341581,10.611357,31.038052
mixed_terrain_0060,mixed_terrain,14.768718,70.945434,11.154919,36.441432
mixed_terrain_0090,mixed_terrain,14.398985,57.784057,11.855749,24.120785
flat_terrain_0053,flat_terrain,3.430701,84.432348,2.974249,6.509984
mixed_terrain_0086,mixed_terrain,9.036705,71.173924,8.158732,15.981150
mixed_terrain_0077,mixed_terrain,16.270760,43.146678,15.751166,24.647779
mixed_terrain_0014,mixed_terrain,7.603725,75.939521,6.609617,14.068351
rough_terrain_0050,rough_terrain,6.032999,82.991281,5.434697,13.020103
flat_terrain_0031,flat_terrain,5.936257,76.396817,5.443249,10.496803
flat_terrain_0040,flat_terrain,8.622687,44.398843,8.313857,12.407540
mixed_terrain_0079,mixed_terrain,18.490208,37.151528,16.468354,29.746215
rough_terrain_0033,rough_terrain,19.168160,57.614650,18.059516,32.319047
flat_terrain_0030,flat_terrain,10.405084,41.111430,9.469922,16.354444
mixed_terrain_0031,mixed_terrain,9.712888,73.258870,8.378929,18.412962
rough_terrain_0089,rough_terrain,20.317190,60.771657,19.322027,31.639914
flat_terrain_0071,flat_terrain,10.448451,65.346079,7.678359,22.747163
rough_terrain_0042,rough_terrain,6.954549,88.464295,5.259828,19.385163
rough_terrain_0080,rough_terrain,14.293089,67.554756,11.507351,27.575699
rough_terrain_0063,rough_terrain,14.015295,69.060371,11.349285,26.107440
mixed_terrain_0034,mixed_terrain,4.360989,87.814158,3.349965,11.308347
flat_terrain_0073,flat_terrain,11.393363,18.673212,10.249716,17.725994
flat_terrain_0099,flat_terrain,8.071709,60.271780,6.856445,14.854550
mixed_terrain_0063,mixed_terrain,6.047603,84.193140,4.969090,12.384432
mixed_terrain_0065,mixed_terrain,6.574363,86.349995,5.276346,12.954476
mixed_terrain_0030,mixed_terrain,6.785359,79.039226,6.321060,11.124768
rough_terrain_0084,rough_terrain,19.039828,67.530071,16.762611,36.401007
mixed_terrain_0093,mixed_terrain,16.793385,44.250527,14.793527,26.795309
rough_terrain_0092,rough_terrain,14.572599,67.217804,12.360969,28.616539
mixed_terrain_0061,mixed_terrain,11.839640,67.223781,11.229819,21.791007
mixed_terrain_0044,mixed_terrain,5.759690,78.887958,5.031657,10.756364
flat_terrain_0052,flat_terrain,13.301566,1.083587,12.082065,21.306021
mixed_terrain_0000,mixed_terrain,2.610382,90.821621,2.407325,4.114844
flat_terrain_0058,flat_terrain,15.740383,11.096696,12.907527,27.801318
rough_terrain_0001,rough_terrain,13.093105,74.182675,11.884069,25.657746
flat_terrain_0048,flat_terrain,4.252867,81.589803,4.037004,5.977659
rough_terrain_0094,rough_terrain,12.427811,75.202194,10.379421,25.773179
flat_terrain_0002,flat_terrain,5.370364,66.172157,5.185079,8.259568
mixed_terrain_0049,mixed_terrain,5.932283,80.864812,5.105961,10.981421
mixed_terrain_0088,mixed_terrain,7.216312,83.665124,5.526896,15.383025
rough_terrain_0011,rough_terrain,11.569022,78.943120,10.102142,31.030630
mixed_terrain_0054,mixed_terrain,9.674758,81.248657,6.732197,22.376486
flat_terrain_0083,flat_terrain,7.763615,61.144141,6.983074,12.662657
flat_terrain_0078,flat_terrain,11.303160,40.900550,10.600766,17.062351
flat_terrain_0094,flat_terrain,10.740182,48.436155,9.772958,17.064429
flat_terrain_0010,flat_terrain,16.123631,45.604123,12.774613,30.479436
mixed_terrain_0073,mixed_terrain,6.744318,86.339753,5.060991,16.133266
flat_terrain_0066,flat_terrain,14.419848,-1.698221,12.266697,26.371573
flat_terrain_0055,flat_terrain,7.976810,70.251436,7.103939,14.882797
mixed_terrain_0011,mixed_terrain,13.917095,64.724291,11.479321,29.175546
flat_terrain_0089,flat_terrain,3.233592,79.560306,2.985048,4.973582
flat_terrain_0081,flat_terrain,3.760052,77.099559,3.401803,7.164086
rough_terrain_0054,rough_terrain,16.517441,54.452282,13.706348,43.525698
rough_terrain_0064,rough_terrain,17.121744,65.436190,14.949856,32.221577
flat_terrain_0038,flat_terrain,9.315553,65.216775,8.079564,18.039321
mixed_terrain_0096,mixed_terrain,11.163028,77.876453,9.151607,21.908806
rough_terrain_0059,rough_terrain,9.298733,76.986780,8.362474,16.986472
rough_terrain_0070,rough_terrain,8.751639,74.402802,7.742320,13.718952
mixed_terrain_0094,mixed_terrain,6.463795,83.450081,5.373250,13.258039
mixed_terrain_0092,mixed_terrain,8.395123,75.367587,7.914348,15.067052
mixed_terrain_0087,mixed_terrain,9.535096,70.001803,8.471427,21.660067
mixed_terrain_0015,mixed_terrain,6.937075,88.997295,5.001038,19.549409
flat_terrain_0086,flat_terrain,3.773812,91.149713,2.350264,8.625972
rough_terrain_0058,rough_terrain,10.666538,78.146995,9.165494,22.514568
mixed_terrain_0022,mixed_terrain,9.902076,76.519779,9.047434,18.232127
rough_terrain_0035,rough_terrain,18.322675,72.788815,15.770160,38.321953
flat_terrain_0098,flat_terrain,4.989311,85.802950,3.686296,11.638630
flat_terrain_0004,flat_terrain,4.703281,67.518541,3.612521,9.083004
flat_terrain_0008,flat_terrain,3.603057,84.402688,3.098110,6.143432
mixed_terrain_0084,mixed_terrain,24.645285,35.850771,22.501338,43.034819
rough_terrain_0019,rough_terrain,16.746635,70.281002,13.918234,33.278458
mixed_terrain_0064,mixed_terrain,6.644692,79.461045,5.635386,14.500098
rough_terrain_0082,rough_terrain,12.794261,77.380218,10.633842,31.822092
flat_terrain_0009,flat_terrain,2.578012,82.611665,2.387706,3.954847
rough_terrain_0093,rough_terrain,19.385346,71.950340,15.913526,38.540949
flat_terrain_0090,flat_terrain,15.399280,-13.127898,13.745344,25.499765
mixed_terrain_0023,mixed_terrain,8.702836,72.633350,7.066972,15.816460
flat_terrain_0016,flat_terrain,13.608165,39.771917,12.184356,24.866416
rough_terrain_0002,rough_terrain,18.346373,71.563006,15.409025,38.478241
flat_terrain_0033,flat_terrain,10.398792,21.021631,8.930444,19.121944
flat_terrain_0085,flat_terrain,5.875912,79.807169,4.848729,11.892213
rough_terrain_0072,rough_terrain,16.474691,55.114946,13.328899,37.754575
flat_terrain_0012,flat_terrain,18.104086,-13.350079,16.374452,31.101314
rough_terrain_0068,rough_terrain,14.366253,75.107711,12.388640,25.591849
rough_terrain_0055,rough_terrain,21.732535,74.651287,15.292858,50.814035
flat_terrain_0013,flat_terrain,3.457468,92.054635,2.695073,8.528255
rough_terrain_0099,rough_terrain,11.851624,81.657279,10.001971,25.644392
rough_terrain_0024,rough_terrain,13.709619,78.593028,11.104080,27.312090
flat_terrain_0049,flat_terrain,8.269278,58.055142,7.578192,15.167654
flat_terrain_0059,flat_terrain,12.447504,46.937658,11.340670,20.911932
mixed_terrain_0017,mixed_terrain,8.859564,82.713376,7.363500,17.682569
mixed_terrain_0012,mixed_terrain,18.504034,35.973138,15.432629,32.107635
flat_terrain_0001,flat_terrain,12.690140,44.393271,11.374133,21.252352
rough_terrain_0051,rough_terrain,8.724228,83.186599,6.818041,18.834122
flat_terrain_0020,flat_terrain,16.247407,14.266593,14.553406,31.834014
rough_terrain_0023,rough_terrain,16.511859,57.150480,15.469544,24.370348
flat_terrain_0006,flat_terrain,1.307550,92.095612,1.153876,2.632930
rough_terrain_0020,rough_terrain,9.024185,80.766543,6.995034,19.580855
rough_terrain_0065,rough_terrain,10.528585,77.846458,8.961936,20.188374
rough_terrain_0062,rough_terrain,29.198188,46.977563,26.595662,45.098547
flat_terrain_0035,flat_terrain,15.122767,-6.846701,12.927630,28.515301
mixed_terrain_0076,mixed_terrain,16.854399,42.990743,16.566981,22.304399
mixed_terrain_0099,mixed_terrain,11.265886,74.585766,9.287437,24.131065
rough_terrain_0073,rough_terrain,12.338118,67.370305,10.693743,24.183922
mixed_terrain_0058,mixed_terrain,16.201085,55.946051,13.184398,30.625136
flat_terrain_0046,flat_terrain,6.086101,77.628673,4.448643,12.929803
flat_terrain_0032,flat_terrain,4.711093,79.348527,3.713101,9.872334
rough_terrain_0017,rough_terrain,10.115673,82.820580,8.520912,23.864766
flat_terrain_0093,flat_terrain,3.932965,79.021304,3.460946,6.632536
mixed_terrain_0051,mixed_terrain,11.173236,70.780297,9.677762,21.059215
rough_terrain_0018,rough_terrain,18.056148,59.265232,15.193643,32.280382
rough_terrain_0088,rough_terrain,15.142008,70.559169,12.321040,36.913463
mixed_terrain_0024,mixed_terrain,12.230277,31.268639,11.310220,16.762802
rough_terrain_0029,rough_terrain,4.496906,86.096030,3.670294,11.386375
rough_terrain_0043,rough_terrain,8.672567,82.119286,6.465637,21.318770
flat_terrain_0087,flat_terrain,4.791797,74.292359,4.069331,8.538923
flat_terrain_0018,flat_terrain,7.523484,65.271044,6.501016,11.952003
mixed_terrain_0075,mixed_terrain,9.763328,75.491771,8.712937,15.354144
mixed_terrain_0066,mixed_terrain,9.637716,75.222212,7.631791,20.672220
flat_terrain_0065,flat_terrain,13.562502,41.524381,12.355177,22.487775
mixed_terrain_0019,mixed_terrain,4.827716,85.324129,3.892711,16.987052
flat_terrain_0042,flat_terrain,14.799680,4.740702,11.706824,25.298014
mixed_terrain_0074,mixed_terrain,6.521358,79.184605,5.312571,13.385812
flat_terrain_0095,flat_terrain,4.239458,86.311206,3.111142,9.366065
mixed_terrain_0056,mixed_terrain,16.051820,49.532840,15.165919,28.110719
flat_terrain_0075,flat_terrain,6.158510,69.062230,5.436979,11.377440
rough_terrain_0031,rough_terrain,12.727754,67.811146,10.962913,21.432408
rough_terrain_0083,rough_terrain,15.254051,73.506990,12.417922,44.631889
mixed_terrain_0007,mixed_terrain,7.758021,76.670253,6.846566,16.801913
flat_terrain_0025,flat_terrain,6.763040,69.552178,5.375269,13.470589
mixed_terrain_0003,mixed_terrain,7.187887,83.676631,4.970271,18.729113
flat_terrain_0096,flat_terrain,21.252787,4.890560,18.030368,39.149074
mixed_terrain_0008,mixed_terrain,9.844168,70.953462,8.767645,17.382166
rough_terrain_0006,rough_terrain,29.090638,59.402651,25.650899,44.355901
rough_terrain_0081,rough_terrain,22.640410,58.472433,19.389669,39.841841
flat_terrain_0037,flat_terrain,6.970466,57.279858,6.334747,10.240368
flat_terrain_0045,flat_terrain,19.502839,-16.454446,18.292471,27.257297
flat_terrain_0097,flat_terrain,9.623070,32.702115,8.696427,14.418065
rough_terrain_0071,rough_terrain,9.511664,79.625255,8.053855,23.893169
mixed_terrain_0057,mixed_terrain,10.747267,77.374299,9.302168,21.190283
rough_terrain_0000,rough_terrain,13.396349,63.715655,10.020678,32.562791
mixed_terrain_0055,mixed_terrain,8.345228,71.943816,7.220457,15.171752
rough_terrain_0005,rough_terrain,7.329563,77.299926,5.899206,17.782781
rough_terrain_0010,rough_terrain,28.098801,63.922952,22.848555,51.055393
mixed_terrain_0036,mixed_terrain,11.812261,50.650405,10.857456,20.402046
flat_terrain_0057,flat_terrain,13.836000,23.715526,11.124699,26.101252
rough_terrain_0044,rough_terrain,15.946663,64.228119,14.499078,29.894245
mixed_terrain_0040,mixed_terrain,17.309920,64.988817,13.916873,35.314574
mixed_terrain_0038,mixed_terrain,9.258187,71.507665,8.328460,16.402211
flat_terrain_0021,flat_terrain,6.039034,67.295215,5.615086,8.608723
mixed_terrain_0067,mixed_terrain,8.293317,75.587417,6.792709,16.309217
rough_terrain_0004,rough_terrain,6.921566,77.771861,5.979956,14.422516
mixed_terrain_0050,mixed_terrain,5.380729,69.638761,4.285787,12.077398
mixed_terrain_0071,mixed_terrain,13.276667,66.030735,12.136388,19.770770
rough_terrain_0047,rough_terrain,17.180358,76.017515,12.260092,33.544412
mixed_terrain_0010,mixed_terrain,5.584081,79.005240,4.781032,9.684079
mixed_terrain_0081,mixed_terrain,8.418031,79.138221,7.415977,15.547724
rough_terrain_0007,rough_terrain,8.309930,80.118885,6.096175,19.977139
mixed_terrain_0020,mixed_terrain,22.424654,50.129620,17.675402,49.155159
rough_terrain_0085,rough_terrain,8.911127,79.249990,7.293613,20.508577
mixed_terrain_0032,mixed_terrain,15.138449,63.449919,12.857483,27.160364
rough_terrain_0096,rough_terrain,15.024325,71.812736,13.255297,24.354202
flat_terrain_0041,flat_terrain,11.405676,18.646470,9.886387,18.858763
