profile,family,roughness_score,rmse_nm,offload_pct,mean_abs_residual_nm,peak_abs_residual_nm
rough_terrain_0057,rough_terrain,0.645586,12.154726,73.056424,9.798740,23.594024
mixed_terrain_0049,mixed_terrain,0.528396,8.751742,82.397913,6.992779,35.242964
rough_terrain_0002,rough_terrain,0.580278,6.422353,79.480517,5.000173,17.676540
flat_terrain_0024,flat_terrain,0.385367,16.132763,70.016303,12.101373,40.928035
mixed_terrain_0062,mixed_terrain,0.545184,6.452122,81.606956,5.048670,16.595226
mixed_terrain_0097,mixed_terrain,0.574225,22.438985,70.629206,17.528175,74.679937
flat_terrain_0059,flat_terrain,0.436208,15.511297,84.464198,12.618036,30.959922
rough_terrain_0041,rough_terrain,0.623524,4.757000,82.121795,3.676468,13.099411
rough_terrain_0082,rough_terrain,0.699762,29.703957,18.215807,27.021284,44.688857
flat_terrain_0020,flat_terrain,0.373535,9.914705,71.845524,8.411227,38.524058
rough_terrain_0096,rough_terrain,0.762752,14.941940,54.950542,12.520489,29.555808
mixed_terrain_0043,mixed_terrain,0.518069,20.228100,84.211325,16.483563,67.497269
mixed_terrain_0068,mixed_terrain,0.548934,25.228590,75.650702,20.671347,96.986238
flat_terrain_0050,flat_terrain,0.424800,5.527781,80.543167,4.266513,16.354637
flat_terrain_0072,flat_terrain,0.450193,26.785873,64.182891,20.155384,74.801135
mixed_terrain_0015,mixed_terrain,0.494043,23.565862,73.267446,15.917024,74.047180
rough_terrain_0022,rough_terrain,0.599387,19.016247,85.504773,15.787066,71.514305
mixed_terrain_0096,mixed_terrain,0.574087,13.118905,86.204568,10.538013,25.796435
rough_terrain_0053,rough_terrain,0.639456,10.148364,81.843255,7.943990,45.285323
rough_terrain_0029,rough_terrain,0.610425,9.342308,86.330801,6.554495,57.504389
flat_terrain_0035,flat_terrain,0.401768,15.053410,50.722916,12.152545,29.504063
rough_terrain_0081,rough_terrain,0.699659,10.136565,81.735851,7.406756,31.837111
flat_terrain_0026,flat_terrain,0.389209,4.671793,83.243584,3.783501,13.259563
mixed_terrain_0095,mixed_terrain,0.573663,8.817997,72.948237,7.165075,32.066828
rough_terrain_0043,rough_terrain,0.626402,18.932808,78.072275,14.357018,75.094094
flat_terrain_0083,flat_terrain,0.464000,10.181908,56.325749,8.754580,20.465845
rough_terrain_0016,rough_terrain,0.593975,7.896451,76.467850,6.483978,20.218921
mixed_terrain_0045,mixed_terrain,0.524268,15.058191,62.899066,11.693218,31.690706
flat_terrain_0094,flat_terrain,0.475852,11.825055,83.543131,10.280495,33.626318
mixed_terrain_0033,mixed_terrain,0.510233,5.729194,73.142938,4.571380,21.577930
flat_terrain_0090,flat_terrain,0.470004,6.067337,79.428772,4.752351,18.935487
rough_terrain_0084,rough_terrain,0.705586,7.863295,77.943751,6.600668,30.531877
flat_terrain_0017,flat_terrain,0.361466,18.193278,74.959013,14.881481,72.490909
flat_terrain_0016,flat_terrain,0.351260,7.458577,61.088067,6.285903,15.491323
mixed_terrain_0090,mixed_terrain,0.568883,16.103000,74.150318,13.274668,51.278171
rough_terrain_0073,rough_terrain,0.687021,30.705966,79.677555,23.457742,89.232250
mixed_terrain_0040,mixed_terrain,0.514615,9.833427,90.547490,8.081892,21.512502
mixed_terrain_0050,mixed_terrain,0.530821,7.304116,77.526115,5.545271,30.199324
rough_terrain_0006,rough_terrain,0.583065,6.509389,68.391518,4.817076,31.741662
mixed_terrain_0076,mixed_terrain,0.554366,26.845737,47.994733,22.284835,100.655791
rough_terrain_0045,rough_terrain,0.628299,28.227345,60.977405,23.021814,51.772717
rough_terrain_0088,rough_terrain,0.723165,25.033353,56.253149,21.560998,46.457059
flat_terrain_0092,flat_terrain,0.470548,8.452917,87.323062,6.566337,48.668141
rough_terrain_0093,rough_terrain,0.733751,19.232475,71.874681,14.952639,60.033850
rough_terrain_0034,rough_terrain,0.613763,9.499266,84.375116,7.717266,24.201270
flat_terrain_0008,flat_terrain,0.319404,10.411329,75.092042,7.684386,34.951829
rough_terrain_0052,rough_terrain,0.639302,6.251835,60.764894,4.982799,21.770894
mixed_terrain_0029,mixed_terrain,0.506059,15.961011,34.733467,13.122845,33.145685
mixed_terrain_0032,mixed_terrain,0.508430,16.745018,77.093804,14.481475,42.425506
flat_terrain_0052,flat_terrain,0.426353,16.461779,82.266141,12.805247,52.611508
rough_terrain_0020,rough_terrain,0.597227,15.549940,15.292240,13.697814,25.552171
rough_terrain_0032,rough_terrain,0.613304,20.625604,55.603350,17.627160,66.133166
rough_terrain_0094,rough_terrain,0.736189,10.496270,61.266898,8.496140,29.241927
mixed_terrain_0080,mixed_terrain,0.559593,9.770464,83.066900,7.528667,59.663303
mixed_terrain_0012,mixed_terrain,0.491484,13.870396,59.113813,10.686162,38.948757
flat_terrain_0003,flat_terrain,0.302221,6.363820,76.741934,4.885693,27.789449
flat_terrain_0042,flat_terrain,0.415319,5.465572,43.707873,4.340918,21.305142
rough_terrain_0063,rough_terrain,0.665476,13.231032,77.162086,11.186660,28.052425
mixed_terrain_0044,mixed_terrain,0.518875,15.900020,87.961300,11.827569,58.637268
mixed_terrain_0020,mixed_terrain,0.499396,10.678630,90.168853,7.952606,58.707894
flat_terrain_0064,flat_terrain,0.441335,7.551104,76.931732,5.531869,38.150297
rough_terrain_0015,rough_terrain,0.593281,14.022914,74.834576,11.369507,37.125516
flat_terrain_0021,flat_terrain,0.375115,9.865480,84.049073,7.595080,24.066719
flat_terrain_0031,flat_terrain,0.391849,13.411135,79.074246,10.196186,52.671149
mixed_terrain_0074,mixed_terrain,0.553602,13.510313,66.781867,11.378383,34.126569
flat_terrain_0051,flat_terrain,0.425033,18.767767,75.317901,15.608900,49.127946
flat_terrain_0028,flat_terrain,0.389795,7.373326,89.400142,5.547659,44.767536
flat_terrain_0076,flat_terrain,0.453272,7.207368,59.133035,5.802764,15.286049
flat_terrain_0047,flat_terrain,0.420568,6.154569,59.200369,4.896293,16.841476
rough_terrain_0027,rough_terrain,0.607659,10.443392,88.361261,7.690952,30.436656
rough_terrain_0039,rough_terrain,0.618312,15.177292,64.373257,11.317421,65.807497
flat_terrain_0069,flat_terrain,0.445275,3.487184,60.523972,2.713303,12.011744
rough_terrain_0003,rough_terrain,0.580360,8.163908,80.312791,6.838544,18.639818
flat_terrain_0061,flat_terrain,0.437321,19.313204,75.726484,15.490868,71.239574
flat_terrain_0043,flat_terrain,0.416351,22.588031,85.728381,15.711173,90.670702
rough_terrain_0066,rough_terrain,0.677298,24.588120,79.541732,19.329771,86.443633
rough_terrain_0087,rough_terrain,0.720203,14.108767,80.753225,11.511164,39.692897
flat_terrain_0018,flat_terrain,0.365285,25.195147,73.729566,20.178077,53.822182
mixed_terrain_0047,mixed_terrain,0.526686,24.459320,78.279954,20.559788,65.504220
rough_terrain_0005,rough_terrain,0.581968,20.243672,75.696910,14.435840,71.859022
mixed_terrain_0041,mixed_terrain,0.514645,19.918017,65.411754,17.208945,37.113437
flat_terrain_0013,flat_terrain,0.349796,7.641705,85.473928,5.877516,42.908638
rough_terrain_0019,rough_terrain,0.597014,6.066121,83.430722,4.725081,20.912584
mixed_terrain_0008,mixed_terrain,0.486040,10.017702,78.942960,8.235864,26.735050
flat_terrain_0068,flat_terrain,0.442969,7.893793,59.801789,5.618010,23.604657
mixed_terrain_0042,mixed_terrain,0.517742,15.220138,76.905328,12.197958,74.300179
rough_terrain_0064,rough_terrain,0.675029,17.625274,68.883268,13.196541,68.517112
rough_terrain_0004,rough_terrain,0.581642,13.536814,85.746974,9.915541,60.596047
flat_terrain_0087,flat_terrain,0.467916,24.136204,17.774564,21.104883,39.129724
mixed_terrain_0063,mixed_terrain,0.545486,9.649204,90.516670,7.116107,42.617977
mixed_terrain_0089,mixed_terrain,0.568438,23.924610,68.722000,19.551747,87.354142
rough_terrain_0049,rough_terrain,0.633144,10.358557,59.783004,8.686374,22.793106
mixed_terrain_0002,mixed_terrain,0.482781,17.465079,84.025221,13.391873,51.425990
mixed_terrain_0009,mixed_terrain,0.487725,8.135127,85.473761,6.750333,23.605630
mixed_terrain_0056,mixed_terrain,0.536450,18.068467,59.964103,15.065365,30.217832
flat_terrain_0038,flat_terrain,0.404762,21.229270,35.298634,17.791209,37.814149
rough_terrain_0089,rough_terrain,0.724699,27.170429,70.290383,24.229382,68.129625
rough_terrain_0012,rough_terrain,0.589733,20.944236,62.024659,17.676003,37.996843
mixed_terrain_0094,mixed_terrain,0.572475,8.735656,71.323490,6.833073,21.804618
rough_terrain_0008,rough_terrain,0.584501,17.622243,75.198949,14.534654,44.752334
mixed_terrain_0019,mixed_terrain,0.497618,11.141236,64.857947,7.847904,27.289298
rough_terrain_0026,rough_terrain,0.604959,20.327994,81.647129,16.444054,54.721840
flat_terrain_0062,flat_terrain,0.438648,6.913397,85.715846,5.687066,22.496404
rough_terrain_0097,rough_terrain,0.764657,15.799713,81.317273,12.246988,44.683678
mixed_terrain_0065,mixed_terrain,0.548394,19.103333,77.476212,15.138985,56.952119
flat_terrain_0049,flat_terrain,0.420729,12.849170,89.544358,9.842755,71.290236
rough_terrain_0075,rough_terrain,0.687764,4.459582,81.475416,3.416203,12.019971
mixed_terrain_0001,mixed_terrain,0.480965,17.561998,71.519051,14.297425,34.963642
rough_terrain_0092,rough_terrain,0.732098,25.368456,73.114112,20.899933,78.626925
rough_terrain_0030,rough_terrain,0.611476,16.024059,66.944913,12.983058,47.486079
rough_terrain_0023,rough_terrain,0.604209,21.831488,72.398193,17.826510,88.069029
mixed_terrain_0051,mixed_terrain,0.532094,12.524606,84.668124,9.814284,33.907516
flat_terrain_0019,flat_terrain,0.370120,20.012497,79.186174,16.474296,36.384622
mixed_terrain_0007,mixed_terrain,0.485667,9.798273,4.715744,7.736531,18.200408
flat_terrain_0056,flat_terrain,0.432468,8.399174,75.834347,7.292639,23.636473
mixed_terrain_0079,mixed_terrain,0.558371,10.727700,67.953516,9.194696,24.590044
mixed_terrain_0010,mixed_terrain,0.488411,13.748077,53.575160,11.129844,39.196592
mixed_terrain_0046,mixed_terrain,0.524617,17.796697,77.562588,13.998665,99.863298
mixed_terrain_0098,mixed_terrain,0.574406,7.991097,47.814812,6.686558,15.727884
rough_terrain_0070,rough_terrain,0.683961,12.040085,58.754301,10.618514,24.071182
mixed_terrain_0058,mixed_terrain,0.539737,14.563478,79.284615,12.621847,35.025621
flat_terrain_0022,flat_terrain,0.382529,11.413937,77.575914,9.019730,56.710052
mixed_terrain_0087,mixed_terrain,0.568322,26.344127,73.373653,22.795575,66.548222
flat_terrain_0010,flat_terrain,0.342332,7.716731,87.657278,5.896318,22.088372
flat_terrain_0089,flat_terrain,0.469532,7.258787,84.479793,5.797140,34.117286
rough_terrain_0046,rough_terrain,0.631431,12.362186,77.498667,10.583048,33.872782
flat_terrain_0027,flat_terrain,0.389663,10.814063,84.500460,7.901622,45.487865
rough_terrain_0067,rough_terrain,0.677645,24.956469,68.926362,19.698765,103.635268
flat_terrain_0081,flat_terrain,0.460244,20.157695,64.957039,16.749177,61.042043
flat_terrain_0002,flat_terrain,0.300660,8.571385,89.945123,6.830779,23.266612
rough_terrain_0042,rough_terrain,0.625299,14.808535,15.379335,14.058617,22.635869
flat_terrain_0030,flat_terrain,0.389924,7.828766,90.565059,5.854912,44.836178
flat_terrain_0039,flat_terrain,0.412608,30.337124,67.814491,21.707798,89.219698
mixed_terrain_0022,mixed_terrain,0.501658,9.117358,87.006222,7.014575,34.532785
flat_terrain_0060,flat_terrain,0.436990,5.843132,77.330054,4.334998,18.757343
flat_terrain_0007,flat_terrain,0.318810,8.588367,67.827292,7.114778,19.182788
mixed_terrain_0013,mixed_terrain,0.492374,24.834033,55.711736,21.971356,83.154568
mixed_terrain_0088,mixed_terrain,0.568371,7.157042,65.363179,5.360747,19.406761
mixed_terrain_0048,mixed_terrain,0.527587,10.983389,83.895615,8.469293,35.396497
flat_terrain_0080,flat_terrain,0.458810,32.504237,76.445213,26.078883,91.667186
mixed_terrain_0026,mixed_terrain,0.504377,12.664388,85.286981,8.764682,47.212411
rough_terrain_0060,rough_terrain,0.655970,21.146611,77.626348,15.477703,73.610864
rough_terrain_0001,rough_terrain,0.580151,9.279595,54.986316,6.853390,26.907326
flat_terrain_0088,flat_terrain,0.469434,7.149776,88.078628,5.847606,18.400049
mixed_terrain_0081,mixed_terrain,0.561533,22.997584,56.288090,19.070782,66.956504
rough_terrain_0031,rough_terrain,0.613254,12.465045,88.039483,9.626331,68.608113
rough_terrain_0079,rough_terrain,0.698099,5.677305,77.502318,4.557843,13.606748
flat_terrain_0095,flat_terrain,0.477593,6.829255,88.408482,5.679672,16.435587
rough_terrain_0086,rough_terrain,0.716766,9.796671,82.023055,8.307201,22.791589
mixed_terrain_0017,mixed_terrain,0.496677,8.334541,63.804534,6.660793,17.561620
rough_terrain_0000,rough_terrain,0.576819,6.447016,64.841004,5.478992,16.201824
flat_terrain_0036,flat_terrain,0.401934,19.717859,81.430710,14.457539,74.004681
mixed_terrain_0030,mixed_terrain,0.506464,10.440435,84.412689,7.510752,32.477991
mixed_terrain_0016,mixed_terrain,0.496002,22.741584,74.779609,19.035593,81.910206
mixed_terrain_0014,mixed_terrain,0.492841,18.682895,71.751399,14.528560,96.775981
flat_terrain_0098,flat_terrain,0.480483,22.912216,60.795855,18.069093,50.446260
rough_terrain_0077,rough_terrain,0.695109,18.607547,58.429168,14.957120,50.804416
flat_terrain_0066,flat_terrain,0.441453,30.487826,77.024944,21.881889,112.256166
mixed_terrain_0039,mixed_terrain,0.514166,22.973328,76.606197,18.132088,79.535437
mixed_terrain_0023,mixed_terrain,0.503228,21.797446,74.851263,17.666816,42.030076
mixed_terrain_0006,mixed_terrain,0.485449,13.270594,83.803986,11.268761,24.625693
flat_terrain_0040,flat_terrain,0.413238,24.898843,74.553628,20.571750,43.276922
flat_terrain_0053,flat_terrain,0.429431,15.939824,48.813205,12.970565,32.331306
flat_terrain_0077,flat_terrain,0.456431,20.729910,72.610736,17.817791,51.873304
rough_terrain_0038,rough_terrain,0.617557,11.540747,65.754101,9.826900,28.830633
flat_terrain_0034,flat_terrain,0.397534,18.713711,81.141425,15.013821,48.632897
mixed_terrain_0071,mixed_terrain,0.550598,6.464411,85.718666,5.148506,19.159836
mixed_terrain_0038,mixed_terrain,0.514098,27.430518,74.156605,22.527410,94.302724
mixed_terrain_0064,mixed_terrain,0.547022,11.047262,75.669316,8.660622,35.330387
flat_terrain_0054,flat_terrain,0.430047,13.356111,45.818677,10.569818,36.885957
flat_terrain_0065,flat_terrain,0.441369,25.001916,68.623317,20.948620,46.196566
flat_terrain_0057,flat_terrain,0.433363,9.046839,85.002438,6.943237,26.497838
mixed_terrain_0003,mixed_terrain,0.482915,16.707292,83.133326,12.840189,82.584314
rough_terrain_0007,rough_terrain,0.583276,10.214390,70.669453,8.412155,21.207376
flat_terrain_0055,flat_terrain,0.431208,4.356552,78.916173,3.475223,12.564998
mixed_terrain_0005,mixed_terrain,0.484509,8.689239,85.981672,6.503471,37.785990
flat_terrain_0006,flat_terrain,0.315503,18.900151,84.479853,14.088717,86.991226
rough_terrain_0028,rough_terrain,0.610105,20.437860,83.904799,16.014496,77.676042
mixed_terrain_0093,mixed_terrain,0.572287,18.869977,79.370838,14.598091,94.557518
rough_terrain_0085,rough_terrain,0.713339,14.961737,86.566088,12.113086,62.392730
rough_terrain_0062,rough_terrain,0.660822,15.021289,85.042043,12.530465,46.831103
mixed_terrain_0053,mixed_terrain,0.533139,10.469844,81.290095,7.540036,32.126843
mixed_terrain_0083,mixed_terrain,0.564553,15.510708,46.277267,12.899085,35.749789
flat_terrain_0070,flat_terrain,0.446390,13.146836,38.142015,10.679524,24.777333
flat_terrain_0097,flat_terrain,0.479436,28.080027,65.305084,24.298778,60.288098
flat_terrain_0067,flat_terrain,0.441991,6.847447,81.629149,5.324378,20.403397
flat_terrain_0001,flat_terrain,0.298901,10.678936,76.612361,7.891552,26.797772
rough_terrain_0083,rough_terrain,0.700953,12.000354,78.009384,10.154307,24.570545
mixed_terrain_0091,mixed_terrain,0.570172,19.040033,69.114554,17.050525,42.463763
mixed_terrain_0069,mixed_terrain,0.549013,10.677566,71.054843,8.729170,23.374999
mixed_terrain_0004,mixed_terrain,0.483671,18.978312,68.606064,16.500622,57.518644
rough_terrain_0080,rough_terrain,0.699073,25.563059,60.938099,22.030866,89.279867
mixed_terrain_0054,mixed_terrain,0.533409,7.693191,79.436496,6.276798,16.041459
rough_terrain_0014,rough_terrain,0.592261,16.165110,51.225484,14.394281,49.799037
rough_terrain_0047,rough_terrain,0.632365,18.661526,44.603491,17.031129,40.583540
flat_terrain_0012,flat_terrain,0.345575,8.146372,79.515784,6.428418,38.469917
mixed_terrain_0070,mixed_terrain,0.550579,18.378625,85.332689,14.701026,64.247474
rough_terrain_0058,rough_terrain,0.647895,21.255657,78.324234,16.674973,84.232231
flat_terrain_0085,flat_terrain,0.465034,13.524442,75.990996,10.894910,38.347746
mixed_terrain_0086,mixed_terrain,0.567815,17.825991,83.226847,13.662887,75.504532
mixed_terrain_0036,mixed_terrain,0.512035,15.661328,77.411590,12.777195,54.232073
mixed_terrain_0057,mixed_terrain,0.538203,11.139478,77.967376,9.106358,51.727342
flat_terrain_0078,flat_terrain,0.457391,6.245915,87.041248,4.828907,18.751233
rough_terrain_0051,rough_terrain,0.637030,11.684425,81.852208,8.121243,47.922171
flat_terrain_0074,flat_terrain,0.452361,9.323151,84.229008,7.416832,51.111027
rough_terrain_0017,rough_terrain,0.595530,12.269545,83.802964,9.160057,79.499414
mixed_terrain_0037,mixed_terrain,0.513497,7.675455,54.870378,6.369832,15.792937
mixed_terrain_0077,mixed_terrain,0.554698,12.186530,84.926814,9.567391,40.490221
flat_terrain_0041,flat_terrain,0.413338,10.638184,79.305292,8.295152,47.228088
flat_terrain_0009,flat_terrain,0.324415,4.689537,67.704716,3.400563,15.486892
flat_terrain_0004,flat_terrain,0.303863,6.829462,69.795105,5.498991,33.451569
mixed_terrain_0084,mixed_terrain,0.564560,8.815261,86.572422,7.181876,36.773584
flat_terrain_0084,flat_terrain,0.464620,8.745953,72.447110,6.711986,33.907321
rough_terrain_0013,rough_terrain,0.590217,15.796210,85.249161,12.195465,41.892355
mixed_terrain_0060,mixed_terrain,0.543416,12.868833,86.095418,9.930362,35.093643
mixed_terrain_0025,mixed_terrain,0.503740,29.325973,73.146515,23.613972,57.674043
mixed_terrain_0085,mixed_terrain,0.566947,17.224296,76.678910,13.773394,36.208136
rough_terrain_0068,rough_terrain,0.682676,19.650902,77.094592,15.438863,45.485960
flat_terrain_0044,flat_terrain,0.418241,15.371664,88.041276,12.380413,43.430776
mixed_terrain_0059,mixed_terrain,0.541592,24.093898,79.503886,18.823971,70.000054
mixed_terrain_0035,mixed_terrain,0.511296,8.357958,88.345047,6.099795,38.859144
mixed_terrain_0067,mixed_terrain,0.548852,10.076822,78.152173,8.614229,24.693436
rough_terrain_0061,rough_terrain,0.659553,22.477513,42.181848,17.906058,40.483340
flat_terrain_0025,flat_terrain,0.386064,17.800733,65.314786,15.412304,37.617803
rough_terrain_0021,rough_terrain,0.598334,7.673340,84.517121,5.896299,20.816774
mixed_terrain_0061,mixed_terrain,0.544336,17.492067,61.739581,14.695000,30.457979
mixed_terrain_0011,mixed_terrain,0.490797,8.415168,85.632451,6.852854,18.545003
flat_terrain_0023,flat_terrain,0.384987,14.613298,88.299172,11.468555,31.846425
rough_terrain_0056,rough_terrain,0.645552,8.803106,71.457517,7.634163,24.821524
rough_terrain_0078,rough_terrain,0.695135,10.856590,81.967477,8.190287,33.676442
flat_terrain_0058,flat_terrain,0.435903,12.883905,74.837748,10.989226,44.911219
rough_terrain_0099,rough_terrain,0.857591,23.721535,74.311726,19.814757,92.881080
rough_terrain_0076,rough_terrain,0.690913,14.497697,51.067785,11.792505,28.789051
rough_terrain_0059,rough_terrain,0.652247,25.106078,79.750718,20.751476,70.484157
mixed_terrain_0073,mixed_terrain,0.550856,17.572159,78.695714,13.562217,96.851931
mixed_terrain_0028,mixed_terrain,0.505915,12.973740,85.451352,10.201614,49.869570
rough_terrain_0024,rough_terrain,0.604671,14.070355,83.124364,10.504686,52.925748
mixed_terrain_0018,mixed_terrain,0.496738,11.202732,58.603590,8.952104,25.164276
rough_terrain_0009,rough_terrain,0.584662,8.181979,85.122551,6.604884,21.636707
rough_terrain_0091,rough_terrain,0.729482,24.528183,66.444956,21.532615,46.571988
flat_terrain_0093,flat_terrain,0.472505,6.605860,72.413871,5.066606,16.359289
rough_terrain_0025,rough_terrain,0.604889,24.755914,73.452400,21.197247,45.908424
rough_terrain_0055,rough_terrain,0.645299,11.942035,53.746199,8.194070,30.596717
mixed_terrain_0082,mixed_terrain,0.561797,21.852062,78.401047,18.219045,45.013251
rough_terrain_0048,rough_terrain,0.632595,24.914127,64.789341,20.894737,40.285524
rough_terrain_0040,rough_terrain,0.620439,20.334625,69.324281,17.569820,35.859287
flat_terrain_0033,flat_terrain,0.395484,10.030110,74.896104,8.006672,43.434183
rough_terrain_0050,rough_terrain,0.633950,9.482185,66.399995,8.010760,21.707928
flat_terrain_0029,flat_terrain,0.389886,25.295561,72.363508,19.683060,71.756881
flat_terrain_0082,flat_terrain,0.461203,12.080986,88.811522,8.760479,62.698179
mixed_terrain_0000,mixed_terrain,0.480756,4.698640,77.538625,3.573584,17.920135
flat_terrain_0063,flat_terrain,0.439124,14.463072,84.563285,11.062793,50.601781
rough_terrain_0069,rough_terrain,0.682696,20.333582,59.991151,17.406728,50.422232
mixed_terrain_0078,mixed_terrain,0.555310,18.564854,82.554033,15.677409,38.082229
flat_terrain_0032,flat_terrain,0.393854,14.765579,78.197280,12.839209,41.527882
flat_terrain_0091,flat_terrain,0.470024,9.485873,73.998272,8.143222,21.813295
rough_terrain_0033,rough_terrain,0.613381,11.221504,84.789245,8.603222,47.174482
flat_terrain_0000,flat_terrain,0.296034,11.619496,56.314023,9.434189,35.404322
mixed_terrain_0075,mixed_terrain,0.554188,23.136452,79.684288,18.809416,56.941657
mixed_terrain_0072,mixed_terrain,0.550841,24.267525,80.342721,20.165049,64.218630
flat_terrain_0046,flat_terrain,0.420240,8.532081,83.888825,6.964287,21.620975
flat_terrain_0045,flat_terrain,0.419732,8.145018,75.845652,6.269298,33.326497
flat_terrain_0075,flat_terrain,0.452571,17.648444,77.266295,14.472766,36.135131
rough_terrain_0010,rough_terrain,0.584967,19.844963,-57.021005,15.787997,46.931702
flat_terrain_0005,flat_terrain,0.312050,11.474113,38.014040,9.661515,31.451542
rough_terrain_0018,rough_terrain,0.596056,5.949030,69.963943,4.656104,17.329336
rough_terrain_0044,rough_terrain,0.626647,13.688390,79.683501,11.369613,30.319330
flat_terrain_0079,flat_terrain,0.458648,8.401781,89.682840,6.851061,24.829349
mixed_terrain_0052,mixed_terrain,0.532426,15.426322,85.539270,13.018773,32.557037
mixed_terrain_0021,mixed_terrain,0.501244,10.149107,91.451623,8.551658,24.507318
rough_terrain_0036,rough_terrain,0.616642,12.837202,74.247227,10.577306,35.333573
mixed_terrain_0055,mixed_terrain,0.534156,14.980738,54.330843,12.613348,35.565711
mixed_terrain_0066,mixed_terrain,0.548835,11.998892,81.653656,9.423087,46.493467
mixed_terrain_0099,mixed_terrain,0.576222,7.167979,83.741678,5.347725,25.127335
rough_terrain_0072,rough_terrain,0.686180,23.321843,82.188806,19.128213,71.875490
flat_terrain_0015,flat_terrain,0.351019,15.386628,66.632627,10.452719,55.781521
flat_terrain_0086,flat_terrain,0.466965,12.928395,85.297087,10.882838,37.701830
mixed_terrain_0031,mixed_terrain,0.506789,9.127311,71.439537,6.793346,21.828779
rough_terrain_0090,rough_terrain,0.728729,4.222329,76.490758,3.322317,10.725106
rough_terrain_0095,rough_terrain,0.755694,16.952744,67.973609,14.821771,44.417630
rough_terrain_0065,rough_terrain,0.675404,4.808863,69.190385,3.724653,15.653784
flat_terrain_0011,flat_terrain,0.344251,7.155634,73.780828,5.503713,25.013073
rough_terrain_0037,rough_terrain,0.616983,12.097825,86.334909,9.769341,34.745718
flat_terrain_0014,flat_terrain,0.350474,12.904745,51.195773,11.084794,26.641580
rough_terrain_0054,rough_terrain,0.644622,29.397002,78.281203,21.953294,89.862841
flat_terrain_0096,flat_terrain,0.479061,15.973292,83.031757,12.942532,66.107859
mixed_terrain_0027,mixed_terrain,0.504975,18.191972,80.378606,14.094845,94.982496
rough_terrain_0011,rough_terrain,0.588310,9.281828,81.509619,7.636761,20.702038
rough_terrain_0071,rough_terrain,0.684959,24.228192,78.349483,19.328224,79.095312
flat_terrain_0073,flat_terrain,0.450352,11.248423,67.524228,8.913491,29.625187
flat_terrain_0099,flat_terrain,0.480714,10.875290,80.909713,9.253127,35.882725
rough_terrain_0098,rough_terrain,0.775569,16.031304,80.785748,12.530087,90.644148
mixed_terrain_0092,mixed_terrain,0.571401,7.766556,80.841256,5.814087,21.107650
mixed_terrain_0024,mixed_terrain,0.503613,11.995195,84.281150,9.606888,53.299998
flat_terrain_0037,flat_terrain,0.404298,5.751216,83.979604,4.642139,18.639338
rough_terrain_0074,rough_terrain,0.687313,25.914854,75.202513,21.153730,88.857895
flat_terrain_0071,flat_terrain,0.446729,28.271395,79.430983,22.573208,77.012685
flat_terrain_0048,flat_terrain,0.420694,17.348481,58.108140,13.776427,34.597687
mixed_terrain_0034,mixed_terrain,0.511006,5.483575,71.839035,4.335030,14.380817
rough_terrain_0035,rough_terrain,0.615450,13.722263,70.562071,10.700490,64.216735
