authority_score,bearing_intersections,candidate,distal_offset,feasible,internal_offset,internal_radius,internal_x,limb_intersections,limb_x,mean_authority_nm,mean_force_residual_n,minimum_authority_nm,minimum_bearing_radius_m,minimum_spring_clearance_m,nonzero_direct_torque_springs,phase,skin_containment_violations,skin_x,spring_clearance_violations,spring_support_violations
182.68594360351562,0,0,0.07221220421519584,True,0.019167319364453456,0.42644053121100267,-0.00648339341000756,0,0.5158187118826485,198.16690063476562,0.03186298906803131,142.1537322998047,0.21493406601921475,0.027940265834331512,42,0.07204519623956294,0,0.2977342217752633,0,0
,0,1,-0.004164011970283668,False,0.0640697201860268,0.45105806097359685,0.04236114002082725,0,0.32109069984672606,,,,0.18037037281491386,0.025787178426980972,,0.22451634515921226,0,0.3232110331038026,0,0
,0,2,0.03750111119243554,False,0.0724260503831401,0.3987419928253686,0.008113408548362927,0,0.425219090740967,,,,0.18276268151634453,0.026574131101369858,,0.23452621647811822,0,0.2709851446637421,0,0
154.06838989257812,0,3,0.10109058384607264,True,-0.04157516212060861,0.3751013307831714,-0.08751066983770087,0,0.49195052505066783,168.4150390625,0.04026591777801514,108.20329284667969,0.16945638919807776,0.02697288803756237,42,0.15888834284969647,0,0.22145924906968292,0,0
158.4129180908203,0,4,0.07586622796478482,True,0.009391181385594777,0.3752299364269776,-0.04059525195303002,0,0.5520671281858247,173.28428649902344,0.029760200530290604,109.22715759277344,0.19697274757337108,0.027904430404305458,42,0.18483187412606109,0,0.2053077554695834,0,0
152.3795928955078,0,5,-0.08386290063876403,True,0.040658596499966226,0.3567802957854167,0.015724387467554668,0,0.3895327394998038,168.08045959472656,0.02463941089808941,103.50627136230469,0.1799565245729375,0.025726627558469772,42,0.3773164331365421,0,0.2303740726912596,0,0
,0,6,-0.059196615930102926,False,0.051645764310362496,0.5307756523497034,0.08186620743651268,0,0.383456733101538,,,,0.22211722365653216,0.02759254164993763,,0.43257316607902924,0,0.1801599438391472,0,0
172.41603088378906,0,7,-0.07597513610203713,True,0.09781933234595688,0.6142137996332562,0.02693699948522224,0,0.6492297867965726,186.3613739013672,0.07012255489826202,125.99205017089844,0.2779977035676667,0.03208298608660698,42,0.09160145053549812,0,0.18742851192098817,0,0
,0,8,-0.011165664086790678,False,-0.0026363219725157316,0.40335712808801816,0.05738240187468613,0,0.5535436351613876,,,,0.1945015500199439,0.02826404571533203,,0.29196772074600474,0,0.31548633420716776,0,0
187.49856567382812,0,9,0.07640190456125703,True,-0.06682749729088666,0.3557881295570485,0.07807557754605043,0,0.6114532463855854,203.87539672851562,0.031134232878684998,149.24850463867188,0.17170128610375893,0.02833527885377407,42,0.09570166633593374,0,0.3225365242618611,0,0
168.7091522216797,0,10,-0.08913883086676694,True,0.03542735261344798,0.5916422084369595,-0.020155796747589966,0,0.6072254612865116,181.76495361328125,0.046444766223430634,124.55549621582031,0.27145562829730435,0.03105871193110943,42,0.16992275913371488,0,0.18195620099081555,0,0
164.30628967285156,0,11,-0.10439289350344796,True,-0.08766553422500914,0.44986400507607477,-0.04177050968654877,0,0.5119225810749937,177.822265625,0.04086659476161003,120.37609100341797,0.20002964164898512,0.02852640114724636,42,0.4924335078233195,0,0.23547872414802568,0,0
,0,12,0.01645993180481195,False,0.012289919406398717,0.47287028067649695,8.952004931286894e-05,0,0.48980205873357585,,,,0.22468719155454067,0.02855929359793663,,0.49299560364695133,0,0.19051521764391502,0,0
,0,13,0.042794450828673974,False,0.009771604945463586,0.5611465640524991,0.0870911859290272,0,0.31546460790165554,,,,0.20106811915880946,0.026992961764335632,,0.49577103965843117,0,0.2507843927039276,0,0
163.8398895263672,0,14,-0.09460106331640425,True,-0.0060755050835835656,0.5018340960304092,-0.06494921077289079,0,0.5839222679124157,176.90025329589844,0.04293651878833771,119.33980560302734,0.23313698266805252,0.02976519614458084,42,0.29206042515195785,0,0.1961304006187822,0,0
183.465087890625,0,15,-0.09068527411352498,True,-0.010606288925138568,0.3200056919101903,-0.024347072007254986,0,0.6820699446344934,198.27659606933594,0.03280317038297653,144.85009765625,0.18252246745697187,0.02953805774450302,42,0.15175203427714212,0,0.30453567001611087,0,0
155.877197265625,0,16,0.07055640286525935,True,-0.0037640034949086437,0.5537294550860887,0.018448859506074694,0,0.3147663115491211,172.6131134033203,0.03768668696284294,102.97734069824219,0.21638296239431506,0.027074052020907402,42,0.47618157068792727,0,0.2079578157712437,0,0
149.96133422851562,0,17,-0.07104809245219039,True,-0.038105753653074184,0.34837745583073076,0.07870957142596244,0,0.5416552427060383,164.90402221679688,0.02752809412777424,100.36558532714844,0.1848248169472823,0.028104908764362335,42,0.15586203241081198,0,0.18407835094846575,0,0
177.4611358642578,0,18,0.10717616570590696,True,0.0543196269953036,0.3554407378201202,0.03878858984991032,0,0.5255208094758179,192.0117950439453,0.02709157206118107,140.533935546875,0.19883359506193676,0.02738231234252453,42,0.14977249739951232,0,0.3093946981416911,0,0
,0,19,-0.054714237855448364,False,0.005150938028629121,0.6143991934421036,-0.0437603477104577,0,0.671241207799069,,,,0.2734892146487882,0.03175627067685127,,0.28074436029613176,0,0.2628445391126365,0,0
163.633056640625,0,20,0.055841759276729824,True,-0.09782417335337448,0.6155389408902114,-0.009297156352622252,0,0.4498617151244555,180.14149475097656,0.04768618568778038,111.29962158203125,0.2584109211588337,0.029304681345820427,42,0.016851803556492413,0,0.19834123984363336,0,0
,0,21,-0.02601743952145469,False,0.001963479681353797,0.5175544876312654,0.03776834071561766,0,0.5948666235400929,,,,0.22286516952876004,0.029542837291955948,,0.35992514846819174,0,0.3031325354463739,0,0
202.88787841796875,0,22,-0.0850904650328626,True,0.0305778312675819,0.52200483930069,0.026553853669495975,0,0.5955781941621288,217.86886596679688,0.043488264083862305,170.9832763671875,0.2356405347676094,0.029831930994987488,42,0.31924819817343936,0,0.33910274170807514,0,0
,0,23,-0.01980591467258265,False,0.08243558957872141,0.592611457100164,-0.08098060160910495,0,0.378734955280831,,,,0.2227148488224578,0.028447112068533897,,0.06540080468645063,0,0.25119945833005797,0,0
175.32044982910156,0,24,0.08901511551246474,True,0.018749778956029958,0.31121951784148716,0.0287617699156347,0,0.5570215135429956,190.77267456054688,0.02769058384001255,136.137939453125,0.17383671371833515,0.027279552072286606,42,0.4643828508478962,0,0.31049613365056783,0,0
168.485595703125,0,25,0.10055567070909294,True,-0.015672168784286053,0.4131423562360343,0.0744704504543015,0,0.45859193567641104,184.273193359375,0.03005862981081009,123.6622314453125,0.19970767535695322,0.027205096557736397,42,0.3809241281361221,0,0.26916755689632127,0,0
161.18553161621094,0,26,0.1012281073014506,True,0.0040911785992361616,0.3717725221838081,0.057170858376571515,0,0.33457937573878305,177.44717407226562,0.02295256219804287,116.9635009765625,0.18121769597940196,0.025324631482362747,42,0.36276995738583784,0,0.28332390417243103,0,0
155.35719299316406,0,27,-0.09707765416010622,True,-0.017998825719826653,0.4419549289494291,0.0930528785337128,0,0.5465628994404333,169.52859497070312,0.04565528780221939,108.25363159179688,0.217621586676936,0.02855885773897171,42,0.30512684490964764,0,0.18886071916062908,0,0
,0,28,-0.05908776263574156,False,-0.002687199151706704,0.47036746069244145,0.08561212295740453,0,0.48078095681791155,,,,0.19434150518183987,0.027912748977541924,,0.33000089323557463,0,0.3179897646803971,0,0
,0,29,0.033812188741295934,False,-0.00024356939914402242,0.48977707881530347,-0.07695893887482903,0,0.45783414789439464,,,,0.20121935245672498,0.027958035469055176,,0.20944586854127156,0,0.2023326757298538,0,0
174.29351806640625,0,30,0.06671751238892715,True,-0.08930978100948778,0.43852390831147897,-0.019216964587178517,0,0.4600967903398203,191.58001708984375,0.038674063980579376,126.0520248413086,0.21747743611995488,0.027458343654870987,42,0.034332908309003624,0,0.26733441511362044,0,0
,0,31,0.016912579744370465,False,0.062469041099519756,0.4431283744793121,-0.06811685374879178,0,0.3393331800558146,,,,0.18833151855910485,0.02619798667728901,,0.0605739415212528,0,0.28912842988236953,0,0
,0,32,-0.021313938033326485,False,0.0034627834601454327,0.5444457870876925,0.02584511746624013,0,0.4020087104798282,,,,0.21886792281551168,0.027840828523039818,,0.24899215285850124,0,0.29874774472192994,0,0
,0,33,0.055130274932327805,False,0.002145098781576732,0.38372978987286543,-0.08140592569909147,0,0.3290129913347606,,,,0.15699460927737144,0.0253377053886652,,0.09460452425939567,0,0.25202657921644467,0,0
180.05889892578125,0,34,0.09052502449448316,True,0.023360198589199715,0.49271745713308257,0.046957871693736664,0,0.6680909089574611,194.04995727539062,0.03905021399259567,135.35000610351562,0.24641086706580453,0.03062392957508564,42,0.23443712451183576,0,0.2247089631905865,0,0
,0,35,0.04726685088644486,False,-0.0034594994710731575,0.38844857835146707,-0.09513776811152085,0,0.39913932191500096,,,,0.16930602145741203,0.026277873665094376,,0.5173358972383235,0,0.2741745335247085,0,0
,0,36,-0.048198005415062514,False,0.07657752557722625,0.5433237764519514,0.07107741229774883,0,0.30249164859711103,,,,0.19109453105545487,0.026452399790287018,,0.3158532577328437,0,0.3050607630894696,0,0
155.90081787109375,0,37,0.10690399153790184,True,-0.05589825012026024,0.4389236427994222,0.06299146531282054,0,0.349908003679405,170.6771697998047,0.030602382495999336,111.01056671142578,0.19709534925646202,0.02595834992825985,42,0.4482671852835241,0,0.25247269651382886,0,0
166.61410522460938,0,38,0.07298483215419263,True,-0.02642956879334575,0.46970620915120126,0.033442942693875655,0,0.3238597578122594,183.93544006347656,0.03270526975393295,118.76603698730469,0.19949978458006767,0.026087898761034012,42,0.4981805796550028,0,0.2692644574844962,0,0
157.16348266601562,0,39,-0.10037973889490628,True,0.00790553289020468,0.42947243535240043,0.06371404515232165,0,0.3179972018881512,173.05465698242188,0.027636393904685974,109.93419647216797,0.19288769301611383,0.025633089244365692,42,0.07887152302647307,0,0.2550739869870915,0,0
198.92153930664062,0,40,0.05817352707825843,True,0.060956238060378864,0.4438121946042204,-0.016558937007914137,0,0.6012423798080961,215.7884063720703,0.03184790164232254,162.84373474121094,0.18548586709456957,0.029472967609763145,42,0.35466620591795583,0,0.336784136298083,0,0
,0,41,-0.03479440532310869,False,-0.04396857650484114,0.40685734859578165,0.029399546845542746,0,0.5526628122285804,,,,0.2030477384121188,0.028441982343792915,,0.3794232555629211,0,0.22116262686647206,0,0
166.2020263671875,0,42,-0.11788913877674244,True,0.03487087677172629,0.566607822975375,0.037331695895463174,0,0.3780618301480394,180.70367431640625,0.04197825863957405,122.69102478027344,0.22722710377523825,0.027545519173145294,42,0.4670937542940065,0,0.25497047560638153,0,0
173.92294311523438,0,43,0.10603046446506853,True,0.017829772440694308,0.3228047604504648,0.062297146469173004,0,0.5140683413999918,188.7857208251953,0.02749890275299549,136.40786743164062,0.1846843365972629,0.026900796219706535,42,0.16606394276433298,0,0.31037697175754186,0,0
186.55325317382812,0,44,0.05905350250055558,True,-0.030175341293180266,0.3641377797656351,-0.04878246291715911,0,0.5296352020771091,204.28343200683594,0.033393632620573044,148.30345153808594,0.15704750374075058,0.027597570791840553,42,0.3462488647275395,0,0.3344602322953888,0,0
,0,45,0.03582465201728516,False,0.004059962466365599,0.5206829658707139,0.008117700229461122,0,0.6161235411090908,,,,0.2601950712920327,0.03024839423596859,,0.21225016576848113,0,0.22740082633332448,0,0
,0,46,-0.003971101212026401,False,-0.04642692767165162,0.4368161226516428,-0.032913705245442834,0,0.5695240031119176,,,,0.2234859566486569,0.029329203069210052,,0.029940101712580925,0,0.2684763707950425,0,0
183.49160766601562,0,47,0.11674966150138527,True,-0.022115037764754097,0.6061276284316977,-0.08747264847601617,0,0.5649846894384238,197.08297729492188,0.057797499001026154,143.57211303710938,0.24165444472611858,0.029948895797133446,42,0.09627083881789486,0,0.2615023102480781,0,0
160.1382293701172,0,48,-0.11617709976449705,True,0.012101165245647666,0.34549258660629023,0.0726104722792219,0,0.3127338745422417,175.430419921875,0.02911785989999771,119.9886703491211,0.17171217760686147,0.024469273164868355,42,0.09416365531559348,0,0.3027921187367294,0,0
,0,49,0.034301708539975495,False,0.06548468999069382,0.38520202736645814,0.026510031116961236,0,0.5753130545100547,,,,0.20141726639936694,0.028549637645483017,,0.48647454939404833,0,0.25144303748087204,0,0
,0,50,0.0055781493835526386,False,-0.03604465957945316,0.5879035657229099,-0.005756771033443658,0,0.49284250340654256,,,,0.256931942706161,0.029959388077259064,,0.008812005832562447,0,0.25320539479396126,0,0
,0,51,-0.05578157466440986,False,-0.04794947796627724,0.3915748654450313,0.006666278747031101,0,0.5568363171091416,,,,0.20097190084277505,0.028741177171468735,,0.5088717366640647,0,0.21429593904637928,0,0
183.8748321533203,0,52,-0.08058065815254241,True,0.013467533659968084,0.5931042350871667,0.07487338419065723,0,0.595723119464902,198.9656524658203,0.05549047142267227,138.49533081054688,0.2492068462881062,0.031034205108880997,42,0.13860101663202282,0,0.23867220050856533,0,0
189.89633178710938,0,53,-0.07971244571493148,True,0.09297068263730177,0.5794638285774723,0.043031543826968666,0,0.6342390490707566,205.1608428955078,0.06242532655596733,145.78463745117188,0.24837640431080196,0.030948808416724205,42,0.47049461693463185,0,0.26256863159050414,0,0
,0,54,-0.05024188180768806,False,-0.031094486817132935,0.5029158321786061,0.014616772799466077,0,0.3204676052231294,,,,0.2059912810177085,0.027079546824097633,,0.0813870189351498,0,0.22452755203100241,0,0
,0,55,-0.017366176425894206,False,-0.060259276053748034,0.5404125489655485,0.04249775126517227,0,0.42125764388961406,,,,0.2306741423995284,0.028458407148718834,,0.06774655414494347,0,0.2553329704804972,0,0
,0,56,-0.04716820146676956,False,-0.06323321140125651,0.32088632562407793,0.06749413678551966,0,0.6459891263584615,,,,0.1790930336676724,0.02906942181289196,,0.17514040091751892,0,0.21976458407673913,0,0
165.1891632080078,0,57,0.0735786517524464,True,-0.07558632100840455,0.4909358470976407,-0.04147975376817939,0,0.5330064901159544,180.06051635742188,0.042872752994298935,116.04415130615234,0.21868226683602537,0.028700074180960655,42,0.21311871281366762,0,0.20584916930950972,0,0
,0,58,0.02666118217972438,False,0.09022555593440837,0.36836905826990013,-0.04639413472442853,0,0.5340415171349073,,,,0.19039064700714398,0.027770886197686195,,0.1341205520621751,0,0.28556889491458404,0,0
,0,59,0.042089584496968174,False,-0.031852469024061345,0.5953979032279328,0.027863975098985416,0,0.686247876459952,,,,0.25861002775749925,1.3525044778361917e-05,,0.11347054151132423,0,0.28845500448583183,8,0
164.93765258789062,0,60,-0.07903202612924448,True,-0.05721071619065224,0.4170761340619278,-0.055897280651414305,0,0.5617706888986748,180.34556579589844,0.0423898808658123,115.09648132324219,0.18812607687286645,0.028906337916851044,42,0.46449255070080214,0,0.21743254990561905,0,0
172.4811553955078,0,61,-0.09518820540387733,True,0.05585545522482935,0.36997870254048326,-0.0013308811715110613,0,0.4899400375853331,187.43231201171875,0.029614601284265518,131.852294921875,0.20408680930026976,0.027018453925848007,42,0.0019391008335027378,0,0.2937434788644367,0,0
192.90072631835938,0,62,-0.05830294882472634,True,-0.027126015488738373,0.42688529535737496,0.010801976265256877,0,0.5352899197877148,210.2073974609375,0.035450320690870285,155.60018920898438,0.19119475406515699,0.028258541598916054,42,0.41232010742615616,0,0.33498779620014335,0,0
185.66387939453125,0,63,0.11241894964034632,True,-0.05899653099855367,0.3561580072116964,0.04662360814938715,0,0.6581415543094132,200.13633728027344,0.032727424055337906,149.67799377441406,0.172457066981437,0.029301319271326065,42,0.2874600641384538,0,0.31516949450484677,0,0
,0,64,-0.00171597137411314,False,-0.0070539081308702845,0.521443780886399,0.07868292974164784,0,0.5482669411637393,,,,0.24040557475987764,0.029516467824578285,,0.19661553246534993,0,0.22056598173722344,0,0
,0,65,-0.03482750515313915,False,0.07900404953909015,0.5058532828152628,0.05980666656787045,0,0.674016367382855,,,,0.23363276958414672,0.030888788402080536,,0.24551809442062894,0,0.2923322585070185,0,0
,0,66,-0.04911201813074158,False,-0.06654130577756245,0.35170311109581853,-0.014037084607491715,0,0.6503842033718926,,,,0.16560147660355548,0.029129916802048683,,0.3695642316548408,0,0.2502640870904918,0,0
180.51963806152344,0,67,-0.08513685567489171,True,0.0470360242796935,0.4118768711940158,-0.060211842530511796,0,0.38822316411527247,197.9353790283203,0.04104321449995041,142.22784423828125,0.18961232840149578,0.02649487555027008,42,0.1207694988906799,0,0.3345141562001426,0,0
190.00291442871094,0,68,0.0698746426501968,True,0.09120388876936233,0.5476247905746455,0.0915364501967087,0,0.5551830749475197,206.5080108642578,0.08117372542619705,146.51040649414062,0.2213615771306836,0.03012312576174736,42,0.34967682901980895,0,0.28354181849872295,0,0
188.12753295898438,0,69,0.08419357923877252,True,0.01898907820934692,0.5236853232453257,-0.0905545237010978,0,0.5908206078344298,203.13734436035156,0.0544891394674778,146.318603515625,0.19174550229510884,0.029793718829751015,42,0.2763482552053074,0,0.2733638251732443,0,0
,0,70,-0.05472057974937114,False,0.08555315350827367,0.3978786676320219,0.0324677802877508,0,0.6995184968152279,,,,0.21599891731726253,0.030536755919456482,,0.0383878379350537,0,0.2423274575244715,0,0
179.4129638671875,0,71,-0.11965716485413404,True,0.04184774738679914,0.5333720461440814,0.026193821549278462,0,0.6393910296308859,191.7872314453125,0.044245991855859756,139.3387451171875,0.2531996455588643,0.030781885609030724,42,0.11177233520358827,0,0.2414393415483761,0,0
181.74925231933594,0,72,0.020270864789980053,True,-0.07593052873666084,0.40784112816400697,-0.011065034179899819,0,0.3620930457206162,201.32327270507812,0.029428627341985703,141.40972900390625,0.18031501295239508,0.02600814774632454,42,0.3829676761669294,0,0.33946518161794187,0,0
183.24984741210938,0,73,0.056518944737793286,True,-0.005043717691311997,0.5436726513386609,0.08851182361658239,0,0.5171556182694304,200.4688262939453,0.042720187455415726,135.117919921875,0.23428433161577267,0.028965668752789497,42,0.16487348829628737,0,0.2551655239406127,0,0
188.50967407226562,0,74,-0.11068931445245941,True,0.059963127585016734,0.48865063792983476,-0.0006736029147567796,0,0.5899894339008468,202.03369140625,0.03856651112437248,153.377685546875,0.20343733084398488,0.02939867228269577,42,0.4183529491791743,0,0.303160036557084,0,0
167.78677368164062,0,75,-0.10558122127327449,True,0.050169959509132306,0.551789665139659,-0.045200706241048993,0,0.6313999489956243,180.6649932861328,0.048925552517175674,124.66814422607422,0.25366502554845133,0.031000521034002304,42,0.1555779578908757,0,0.1911051053404515,0,0
,0,76,-0.02189635946776375,False,0.021620514313504494,0.5563179602409796,-0.08468238572441751,0,0.671814225804441,,,,0.247430578602534,0.03129536285996437,,0.2647298419336168,0,0.28942217651686963,0,0
,0,77,0.05912668268542437,False,0.0640147692270126,0.4567065891801102,0.009944172686742997,0,0.37227175484268554,,,,0.20447885559074871,0.026798417791724205,,0.3281474164607132,0,0.23395703683902253,0,0
163.80133056640625,0,78,0.09891231184118335,True,0.09564370458134536,0.4654223044493669,-0.03411450350042121,0,0.38372464162127345,178.76583862304688,0.035000767558813095,118.73976135253906,0.21231281930890486,0.026679135859012604,42,0.050061532888737735,0,0.25291994180980304,0,0
166.51168823242188,0,79,0.1137419936765108,True,-0.04974271576998497,0.4145936420860694,-0.09477279750114323,0,0.418836975276091,181.85086059570312,0.043590061366558075,124.61721801757812,0.17169987532655973,0.026861736550927162,42,0.405969746007525,0,0.28478401368902384,0,0
165.95663452148438,0,80,0.10013658833061195,True,0.06798807150502248,0.5325489046754952,0.00045937776067069003,0,0.3994361990871753,180.21609497070312,0.04209429770708084,121.475341796875,0.223398415683109,0.028024988248944283,42,0.37692141362547976,0,0.24648718044323448,0,0
,0,81,-0.04266779290003324,False,-0.05120640774170298,0.3404936307630188,-0.0037010847761379806,0,0.645990410009464,,,,0.17797246182259774,0.02916223369538784,,0.42586918115938704,0,0.18479411715537747,0,0
,0,82,-0.02035711882726822,False,-0.0709879962005763,0.3438447008622868,-0.0068060098200685565,0,0.43791402639005156,,,,0.19724532760382474,0.02643144503235817,,0.10418692333241768,0,0.2655648102494788,0,0
,0,83,0.03681731788611628,False,-0.08093589000143371,0.4456935756669079,-0.0845677010349198,0,0.5168009134563899,,,,0.16690081959413186,0.028127674013376236,,0.2719168328859694,0,0.3080199772436999,0,0
,0,84,-0.036286085129101836,False,-0.07557450919271398,0.5431036645463112,0.09966681990058052,0,0.5473092506185276,,,,0.24514452257919875,0.02987009286880493,,0.18938508561205097,0,0.1826685621202349,0,0
,0,85,-0.010829423221973139,False,-0.01875679946057758,0.32734038322542774,-0.011089198449860851,0,0.48893590003766474,,,,0.19386454508656212,0.02688952535390854,,0.11037982529065331,0,0.25975544753632906,0,0
,1,86,-0.041483372245332745,False,0.030394024689669952,0.3433070506064504,-0.09581212570187425,0,0.5435379927438379,,,,0.1436741580955242,0.02767358534038067,,0.4654546931099958,0,0.32572165850790935,0,0
177.22035217285156,0,87,-0.007967798202368995,True,-0.0024454203334072916,0.3289934651687034,0.03695014035215777,0,0.3748695567799341,197.4180908203125,0.025402015075087547,134.47616577148438,0.17882377513969425,0.025474265217781067,42,0.04049469988028883,0,0.334003507741535,0,0
,0,88,0.010143925660220765,False,0.08267065389167402,0.44723761778316096,-0.0926118832647521,0,0.34983631275349253,,,,0.18344847576255374,0.026431841775774956,,0.5163518388764965,0,0.24900195475398285,0,0
,0,89,0.039258677372482564,False,-0.09189338783322064,0.6141518358004129,-0.02026101608408397,0,0.6139011921771766,,,,0.26966328357127556,0.03117043897509575,,0.09402735354782797,0,0.2003929760983848,0,0
,0,90,-0.015985672920503277,False,0.04860965716648569,0.38221328874888166,0.0851290827299595,0,0.49119925742649884,,,,0.19134478820875045,0.027599481865763664,,0.10289082402428158,0,0.23930595838017246,0,0
159.64930725097656,0,91,-0.1086024728659773,True,-0.03904552627094846,0.5502549341453914,-0.078087105849619,0,0.32192589897340385,175.12939453125,0.04498104006052017,113.14431762695312,0.1879747228668573,0.02690964937210083,42,0.2056729029928881,0,0.2368689201257112,0,0
180.6161651611328,0,92,0.09429321630805873,True,0.042166398964517876,0.4015407579943767,-0.04386780957377188,0,0.4636717133311173,196.36083984375,0.0383833572268486,142.51910400390625,0.19485328360430104,0.0269328523427248,42,0.06570910050522985,0,0.3174875149214146,0,0
,0,93,0.023290918488161783,False,0.06272539879624683,0.4747339928421743,0.013195707794793149,0,0.4605354416027412,,,,0.22765143884421096,0.027840841561555862,,0.10328404237253888,0,0.2940821033633762,0,0
184.36672973632812,0,94,0.0828157252793873,True,-0.006258802141800121,0.5797200977126247,-0.06323365322049049,0,0.30891320840101927,202.1812744140625,0.04549834132194519,146.05810546875,0.19914471351272336,0.027121666818857193,42,0.5063004677271211,0,0.3328499112299155,0,0
,0,95,0.014867612587762674,False,0.08171263575947962,0.5309971281394212,-0.07835974733835632,0,0.6932768417629056,,,,0.2084182096110522,0.03175125643610954,,0.47120672465380303,0,0.25034212919007515,0,0
189.6884002685547,0,96,-0.06590015603413205,True,-0.027137165284578615,0.34480059596407003,0.05402988568295014,0,0.6501953813098116,206.2705535888672,0.03041115589439869,150.15011596679688,0.17511077742086315,0.029342636466026306,42,0.14779127197737008,0,0.31797561804116176,0,0
172.9273681640625,0,97,-0.08444246672521222,True,-0.0025641314350081795,0.5516503013343244,0.08341838877668545,0,0.6570813896849305,187.91253662109375,0.052362535148859024,123.77854919433594,0.2511195917054326,0.03101510927081108,42,0.039025147510889015,0,0.18440641764126278,0,0
,0,98,-0.003782481461579182,False,0.00022457492667096735,0.6075007017330323,0.04682612556622226,0,0.551142032136319,,,,0.24433302325368336,0.03013543225824833,,0.2576118488114851,0,0.3314071962464489,0,0
159.7114715576172,0,99,-0.10217497176228275,True,0.0554690433104334,0.3427628405445806,0.008070881491850243,0,0.5757870101759255,173.96958923339844,0.02768748253583908,113.20652770996094,0.20778506820037249,0.028077518567442894,42,0.06604390258068459,0,0.22820123377285126,0,0
