source,cross_stiffness_k,cross_rest_scale,internal_stiffness_k,default_mean_rmse_nm,bounded_fit_mean_rmse_nm,bounded_fit_p90_rmse_nm,nonzero_direct_torque_springs
rank_01_candidate_0094.json,5.0,0.9,90.0,56.24648062465214,13.36520510923691,23.6926695020462,36
rank_01_candidate_0094.json,5.0,1.0,90.0,56.3603701622112,13.292725404325164,23.69377276744458,36
rank_01_candidate_0094.json,10.0,0.9,90.0,59.53364632442894,13.27218748907623,23.56605909189888,36
rank_01_candidate_0094.json,10.0,1.0,90.0,59.806499291313,13.199774161544905,23.576094231571766,36
rank_01_candidate_0115.json,5.0,0.9,90.0,54.971548270604465,13.033936363987749,23.0882165732894,36
rank_01_candidate_0115.json,5.0,1.0,90.0,55.078096114990146,12.965140897842511,23.053822331910272,36
rank_01_candidate_0115.json,10.0,0.9,90.0,58.00132674264014,12.865253697120693,22.91878045874469,36
rank_01_candidate_0115.json,10.0,1.0,90.0,58.263670139339524,12.779729940010288,22.886621194276298,36
rank_02_candidate_0017.json,5.0,0.9,90.0,52.99309289833709,14.391913407951813,25.471892650961035,36
rank_02_candidate_0017.json,5.0,1.0,90.0,53.094426884839116,14.386052053729205,25.49606074329131,36
rank_02_candidate_0017.json,10.0,0.9,90.0,55.62011930200738,14.343849597059982,25.437775244342955,36
rank_02_candidate_0017.json,10.0,1.0,90.0,55.890293120509355,14.346206185376536,25.49490642567154,36
rank_02_candidate_0219.json,5.0,0.9,90.0,53.06638699440405,13.004582423555203,21.792163071133206,36
rank_02_candidate_0219.json,5.0,1.0,90.0,53.16004056272931,12.903344406952655,21.607472757610008,36
rank_02_candidate_0219.json,10.0,0.9,90.0,55.60094437374515,12.639716201237615,21.505702684166877,36
rank_02_candidate_0219.json,10.0,1.0,90.0,55.84696410419624,12.533247397920698,21.436165730169517,36
rank_03_candidate_0002.json,5.0,0.9,90.0,56.37460753915116,13.86063017924667,24.390999777246666,36
rank_03_candidate_0002.json,5.0,1.0,90.0,56.483697685965716,13.701067841874316,24.340609805891685,36
rank_03_candidate_0002.json,10.0,0.9,90.0,59.52852374498832,13.733288194920542,24.378729067186963,36
rank_03_candidate_0002.json,10.0,1.0,90.0,59.78741375784987,13.611284810418937,24.319677690019372,36
rank_03_candidate_0103.json,5.0,0.9,90.0,57.11419901608432,12.817974164352702,23.47199900157005,36
rank_03_candidate_0103.json,5.0,1.0,90.0,57.2338573551634,12.744720130073581,23.483453930267018,36
rank_03_candidate_0103.json,10.0,0.9,90.0,60.43763883510267,12.67690049782041,23.501974451003562,36
rank_03_candidate_0103.json,10.0,1.0,90.0,60.71892370093078,12.620705421867111,23.52777085055683,36
rank_04_candidate_0020.json,5.0,0.9,90.0,51.915773446003186,15.507286669879681,27.279806864906337,36
rank_04_candidate_0020.json,5.0,1.0,90.0,51.993542447784804,15.468305742060858,27.214896493226924,36
rank_04_candidate_0020.json,10.0,0.9,90.0,54.14739036802716,15.437777085591488,27.218141296859024,36
rank_04_candidate_0020.json,10.0,1.0,90.0,54.3700447678259,15.419578064215074,27.162486229768678,36
rank_04_candidate_0210.json,5.0,0.9,90.0,57.53275256143395,13.928866050343249,24.516631141919813,36
rank_04_candidate_0210.json,5.0,1.0,90.0,57.67360114610666,13.889760341630389,24.527178563844124,36
rank_04_candidate_0210.json,10.0,0.9,90.0,61.09732478301673,13.921117209842867,24.448427606921012,36
rank_04_candidate_0210.json,10.0,1.0,90.0,61.429138257250635,13.899195270859295,24.470635661051322,36
rank_05_candidate_0007.json,5.0,0.9,90.0,55.91952363091527,13.748223103218255,24.6142426806132,36
rank_05_candidate_0007.json,5.0,1.0,90.0,56.05506115891576,13.722897169799438,24.622368999702232,36
rank_05_candidate_0007.json,10.0,0.9,90.0,59.278612844110434,13.718395736495356,24.67822011730497,36
rank_05_candidate_0007.json,10.0,1.0,90.0,59.607913262991566,13.710729139525005,24.69420285126887,36
rank_05_candidate_0076.json,5.0,0.9,90.0,56.593735040132614,16.46538078756007,27.878467426381444,36
rank_05_candidate_0076.json,5.0,1.0,90.0,56.735805958385185,16.414904515790997,27.890547739610323,36
rank_05_candidate_0076.json,10.0,0.9,90.0,60.0719139198746,16.457192906653994,28.158792946424942,36
rank_05_candidate_0076.json,10.0,1.0,90.0,60.41273589079124,16.420043610798682,28.185035691136708,36
rank_06_candidate_0010.json,5.0,0.9,90.0,55.60069259707111,13.300038329414956,23.833497561710466,36
rank_06_candidate_0010.json,5.0,1.0,90.0,55.71217639015365,13.244423057377622,23.754342045188583,36
rank_06_candidate_0010.json,10.0,0.9,90.0,58.751030037603925,13.224534339483956,23.793559697652167,36
rank_06_candidate_0010.json,10.0,1.0,90.0,59.02143398000142,13.142493869352057,23.55616486643436,36
rank_06_candidate_0150.json,5.0,0.9,90.0,50.89460511200769,14.483314553707288,26.019369234822616,36
rank_06_candidate_0150.json,5.0,1.0,90.0,50.95223226556262,14.421842440815386,25.90923788675857,36
rank_06_candidate_0150.json,10.0,0.9,90.0,52.59843809587869,14.382036005412392,25.855873566692264,36
rank_06_candidate_0150.json,10.0,1.0,90.0,52.78881838813827,14.330355751209675,25.780316502640183,36
rank_07_candidate_0032.json,5.0,0.9,90.0,55.568658270434526,12.275232848116044,22.965329007384916,36
rank_07_candidate_0032.json,5.0,1.0,90.0,55.6305647120963,12.246926674387288,22.926903960894357,36
rank_07_candidate_0032.json,10.0,0.9,90.0,58.40770893929785,12.260522621542478,23.025066959492687,36
rank_07_candidate_0032.json,10.0,1.0,90.0,58.55586764302423,12.247719666144018,23.010781621551814,36
rank_07_candidate_0233.json,5.0,0.9,90.0,58.409616816824666,14.63338760936137,26.22446015950394,36
rank_07_candidate_0233.json,5.0,1.0,90.0,58.555770135686465,14.561309151150288,25.968503035622792,36
rank_07_candidate_0233.json,10.0,0.9,90.0,62.20078018997799,14.558422246793532,25.586432060648427,36
rank_07_candidate_0233.json,10.0,1.0,90.0,62.54215972180917,14.503755259720624,25.421967984875604,36
rank_08_candidate_0065.json,5.0,0.9,90.0,53.43169963367329,13.586284931433426,24.025672314709677,36
rank_08_candidate_0065.json,5.0,1.0,90.0,53.51353697802604,13.470457147620056,24.00799703627447,36
rank_08_candidate_0065.json,10.0,0.9,90.0,55.95145710108293,13.371838858690424,23.930378637558995,36
rank_08_candidate_0065.json,10.0,1.0,90.0,56.160744916758446,13.331125735257952,23.910163334263927,36
rank_08_candidate_0204.json,5.0,0.9,90.0,54.50643090782059,14.314458201063488,24.41788285655405,36
rank_08_candidate_0204.json,5.0,1.0,90.0,54.6116361153146,14.196626142419296,24.423263630656805,36
rank_08_candidate_0204.json,10.0,0.9,90.0,57.363182189396845,14.035743155391861,24.339065091492905,36
rank_08_candidate_0204.json,10.0,1.0,90.0,57.62437938319802,13.919985866613342,24.357211506592154,36
rank_09_candidate_0236.json,5.0,0.9,90.0,53.216627314645464,12.887620497253064,23.159674791369554,36
rank_09_candidate_0236.json,5.0,1.0,90.0,53.295801636903136,12.797542023582198,23.098274373713146,36
rank_09_candidate_0236.json,10.0,0.9,90.0,55.65585793636971,12.645803897343203,22.87429368371451,36
rank_09_candidate_0236.json,10.0,1.0,90.0,55.85976569740429,12.613383079620206,22.80992457283383,36
rank_10_candidate_0091.json,5.0,0.9,90.0,58.07233544877031,16.829621041735464,29.529253032524856,36
rank_10_candidate_0091.json,5.0,1.0,90.0,58.22361695291469,16.709247927978318,29.296757705032892,36
rank_10_candidate_0091.json,10.0,0.9,90.0,61.80105564249118,16.634311646929092,28.732747917208492,36
rank_10_candidate_0091.json,10.0,1.0,90.0,62.15574824362752,16.550772085577613,28.314260535753036,36
rank_11_candidate_0074.json,5.0,0.9,90.0,53.501072617091985,12.095733941936778,21.691034856487402,36
rank_11_candidate_0074.json,5.0,1.0,90.0,53.50837127610496,12.073307684902138,21.475019678457254,36
rank_11_candidate_0074.json,10.0,0.9,90.0,55.651699886099586,12.155276751406834,21.652126362687067,36
rank_11_candidate_0074.json,10.0,1.0,90.0,55.67709122781938,12.149124100288912,21.561215503891496,36
rank_12_candidate_0228.json,5.0,0.9,90.0,53.001045708436756,12.791693496865099,23.06616741444188,36
rank_12_candidate_0228.json,5.0,1.0,90.0,53.07534225608174,12.703912751390297,23.013589146385677,36
rank_12_candidate_0228.json,10.0,0.9,90.0,55.40219365322726,12.597586336236448,22.919686307700324,36
rank_12_candidate_0228.json,10.0,1.0,90.0,55.595682888632055,12.565000681874874,22.84500574099255,36
rank_13_candidate_0051.json,5.0,0.9,90.0,57.8278238838212,15.988974433973905,28.117293773438323,36
rank_13_candidate_0051.json,5.0,1.0,90.0,57.965301877078105,15.852412329816556,28.02920142194308,36
rank_13_candidate_0051.json,10.0,0.9,90.0,61.44549620676653,15.841255288585998,28.0572538974322,36
rank_13_candidate_0051.json,10.0,1.0,90.0,61.76791229237815,15.742107386013297,28.06212179076749,36
rank_14_candidate_0157.json,5.0,0.9,90.0,56.953458731897896,14.464962025249571,27.13389949058117,36
rank_14_candidate_0157.json,5.0,1.0,90.0,57.02551025593077,14.32157670574099,26.100823999735827,36
rank_14_candidate_0157.json,10.0,0.9,90.0,60.06897224085037,14.248319214502905,25.479729512329452,36
rank_14_candidate_0157.json,10.0,1.0,90.0,60.237570734019826,14.164879073427665,25.422074675344643,36
rank_15_candidate_0207.json,5.0,0.9,90.0,56.01056620872803,14.831570848993412,26.583865677989298,36
rank_15_candidate_0207.json,5.0,1.0,90.0,56.12904298809425,14.73959559643979,26.215296178254945,36
rank_15_candidate_0207.json,10.0,0.9,90.0,59.14915243001751,14.753004424737,26.008731136272896,36
rank_15_candidate_0207.json,10.0,1.0,90.0,59.43302735618262,14.67941745733481,26.014801235718657,36
rank_16_candidate_0202.json,5.0,0.9,90.0,51.861705972058495,11.745963484297086,21.370150674398673,36
rank_16_candidate_0202.json,5.0,1.0,90.0,51.908478248065286,11.71813866975835,21.351347771766438,36
rank_16_candidate_0202.json,10.0,0.9,90.0,53.78320246934591,11.689475233016225,21.2979851297322,36
rank_16_candidate_0202.json,10.0,1.0,90.0,53.91225678747658,11.66057394425764,21.26831682475509,36
rank_17_candidate_0161.json,5.0,0.9,90.0,55.68122800345375,12.473906653819427,23.62637980771086,36
rank_17_candidate_0161.json,5.0,1.0,90.0,55.6456350838409,12.361625052062411,23.49729361940444,36
rank_17_candidate_0161.json,10.0,0.9,90.0,57.94372119110774,12.194135533456542,23.666432257027875,36
rank_17_candidate_0161.json,10.0,1.0,90.0,57.86971699038619,12.10332579512055,23.53991973746407,36
rank_18_candidate_0138.json,5.0,0.9,90.0,53.30632768353088,12.534543315786571,23.498831022343136,36
rank_18_candidate_0138.json,5.0,1.0,90.0,53.325871988298374,12.519207808140973,23.494766636971697,36
rank_18_candidate_0138.json,10.0,0.9,90.0,55.46264553401598,12.541066716896262,23.595103955628318,36
rank_18_candidate_0138.json,10.0,1.0,90.0,55.51533187788531,12.5280209739153,23.5968894690222,36
rank_19_candidate_0153.json,5.0,0.9,90.0,57.67192141003348,15.5532642591641,29.34082928776138,36
rank_19_candidate_0153.json,5.0,1.0,90.0,57.69819933351723,15.373868211932987,28.71406243315107,36
rank_19_candidate_0153.json,10.0,0.9,90.0,60.64526287284862,15.483422947474939,28.947203325218815,36
rank_19_candidate_0153.json,10.0,1.0,90.0,60.710125783987564,15.338885350908026,28.487422076749976,36
rank_20_candidate_0118.json,5.0,0.9,90.0,51.42597855818868,11.981888316946584,21.73521414910453,36
rank_20_candidate_0118.json,5.0,1.0,90.0,51.47383271696847,11.928995384262057,21.70765010528875,36
rank_20_candidate_0118.json,10.0,0.9,90.0,53.23138430871181,11.885938360565369,21.665927398493135,36
rank_20_candidate_0118.json,10.0,1.0,90.0,53.370477286297294,11.862214268614593,21.64048019188577,36
rank_21_candidate_0069.json,5.0,0.9,90.0,53.48929361068855,13.592989974768482,23.989034108539222,36
rank_21_candidate_0069.json,5.0,1.0,90.0,53.57244161104031,13.483240159453363,23.978527842428253,36
rank_21_candidate_0069.json,10.0,0.9,90.0,55.99768727961164,13.342854723955972,23.934090736838286,36
rank_21_candidate_0069.json,10.0,1.0,90.0,56.209457853253184,13.312956877132084,23.922098976595194,36
rank_22_candidate_0048.json,5.0,0.9,90.0,54.50049467915484,17.08627912781052,28.532257878976434,36
rank_22_candidate_0048.json,5.0,1.0,90.0,54.608520215694924,16.941414977755993,28.54079139098203,36
rank_22_candidate_0048.json,10.0,0.9,90.0,57.417793747805376,16.929716390880657,28.481464580194867,36
rank_22_candidate_0048.json,10.0,1.0,90.0,57.68713865717244,16.754556043385502,28.493713451695008,36
rank_23_candidate_0128.json,5.0,0.9,90.0,53.276550098080214,12.297489114431547,22.65509185642416,36
rank_23_candidate_0128.json,5.0,1.0,90.0,53.285582319946045,12.270499302421815,22.64876992275606,36
rank_23_candidate_0128.json,10.0,0.9,90.0,55.31816406357329,12.238136100840755,22.68614854338398,36
rank_23_candidate_0128.json,10.0,1.0,90.0,55.34382133262676,12.210299389710515,22.67967746141813,36
rank_24_candidate_0065.json,5.0,0.9,90.0,57.273845072502354,17.61158611676843,30.246753199000523,36
rank_24_candidate_0065.json,5.0,1.0,90.0,57.424282779487704,17.504007598117965,30.285271785827618,36
rank_24_candidate_0065.json,10.0,0.9,90.0,60.92175321503428,17.396885093861528,30.22488238842628,36
rank_24_candidate_0065.json,10.0,1.0,90.0,61.27937146774027,17.350496152608695,30.25759877449743,36
